FreezerRegularTrain,TS-CHIEF,test,2,NANOSECONDS,PREDICTIONS, Generated by Experiments.java on 2021-03-18 22:18:18.    SYSTEMPROPERTIES:{user.name:jomeh,os.arch:amd64,os.name:Linux},ENDSYSTEMPROPERTIES
No parameter info
0.9978947368421053,43366000000,244629666755,0,812576016,2,,-1,-1
0,0,,0.968,0.032,,96033769,,
0,0,,1,0,,91016414,,
0,0,,1,0,,91269525,,
0,0,,0.988,0.012,,90401701,,
0,0,,1,0,,89675420,,
0,0,,0.998,0.002,,89879664,,
0,0,,0.996,0.004,,97267169,,
0,0,,0.998,0.002,,90238306,,
0,0,,0.994,0.006,,89976694,,
0,0,,1,0,,89279750,,
0,0,,0.984,0.016,,90771733,,
0,0,,0.998,0.002,,90106970,,
0,0,,0.996,0.004,,92099570,,
0,0,,0.994,0.006,,90280204,,
0,0,,0.99,0.01,,90817258,,
0,0,,0.996,0.004,,89253862,,
0,0,,0.898,0.102,,88341431,,
0,0,,0.982,0.018,,89409734,,
0,0,,0.992,0.008,,92980691,,
0,0,,0.97,0.03,,89890262,,
0,0,,1,0,,89916012,,
0,0,,0.994,0.006,,89865847,,
0,0,,0.998,0.002,,89682585,,
0,0,,0.992,0.008,,90095727,,
0,0,,1,0,,91991479,,
0,0,,0.986,0.014,,89751865,,
0,0,,0.994,0.006,,89792339,,
0,0,,1,0,,89736226,,
0,0,,1,0,,90311651,,
0,0,,1,0,,89867159,,
0,0,,1,0,,91775475,,
0,0,,0.948,0.052,,90559997,,
0,0,,0.912,0.088,,91466725,,
0,0,,1,0,,90103714,,
0,0,,1,0,,90205252,,
0,0,,0.97,0.03,,90844098,,
0,0,,0.986,0.014,,92672065,,
0,0,,0.998,0.002,,89632299,,
0,0,,0.986,0.014,,90460049,,
0,0,,0.97,0.03,,90724005,,
0,0,,1,0,,89483991,,
0,0,,1,0,,91980848,,
0,0,,0.998,0.002,,89845228,,
0,0,,0.998,0.002,,90029244,,
0,0,,0.996,0.004,,90148385,,
0,0,,0.992,0.008,,89562979,,
0,0,,1,0,,89836033,,
0,0,,0.996,0.004,,89831672,,
0,0,,0.992,0.008,,91896660,,
0,0,,0.994,0.006,,90036807,,
0,0,,0.99,0.01,,89866549,,
0,0,,0.998,0.002,,89463484,,
0,0,,0.994,0.006,,90534679,,
0,0,,1,0,,89659008,,
0,0,,0.994,0.006,,94699630,,
0,0,,0.992,0.008,,89777681,,
0,0,,0.996,0.004,,89644753,,
0,0,,0.992,0.008,,89808950,,
0,0,,0.984,0.016,,89998906,,
0,0,,0.998,0.002,,89734921,,
0,0,,0.992,0.008,,97029354,,
0,0,,0.994,0.006,,90238706,,
0,0,,0.99,0.01,,89557970,,
0,0,,1,0,,90290241,,
0,0,,0.982,0.018,,89703923,,
0,0,,0.996,0.004,,89590010,,
0,0,,0.994,0.006,,95767410,,
0,0,,0.984,0.016,,89452262,,
0,0,,0.994,0.006,,88456527,,
0,0,,1,0,,89163100,,
0,0,,0.986,0.014,,89994860,,
0,0,,0.84,0.16,,89623603,,
0,0,,0.998,0.002,,91965650,,
0,0,,0.992,0.008,,89434679,,
0,0,,1,0,,89030252,,
0,0,,0.994,0.006,,88964558,,
0,0,,0.98,0.02,,90320168,,
0,0,,1,0,,93521704,,
0,0,,0.94,0.06,,89384395,,
0,0,,1,0,,89051631,,
0,0,,0.996,0.004,,89137463,,
0,0,,0.994,0.006,,89078813,,
0,0,,0.984,0.016,,89512745,,
0,0,,0.998,0.002,,93100444,,
0,0,,1,0,,89582317,,
0,0,,0.95,0.05,,89710415,,
0,0,,0.998,0.002,,90107299,,
0,0,,0.986,0.014,,88890921,,
0,0,,1,0,,89336455,,
0,0,,0.996,0.004,,92098999,,
0,0,,0.994,0.006,,90228035,,
0,0,,1,0,,88664135,,
0,0,,0.996,0.004,,89056911,,
0,0,,0.998,0.002,,88669005,,
0,0,,0.988,0.012,,88785002,,
0,0,,0.998,0.002,,93897406,,
0,0,,1,0,,89031012,,
0,0,,0.998,0.002,,88717557,,
0,0,,0.998,0.002,,88713669,,
0,0,,0.99,0.01,,89384564,,
0,0,,1,0,,88943508,,
0,0,,0.996,0.004,,90757085,,
0,0,,0.998,0.002,,88928170,,
0,0,,0.996,0.004,,89252828,,
0,0,,1,0,,89788051,,
0,0,,0.984,0.016,,89511102,,
0,0,,1,0,,89071829,,
0,0,,0.988,0.012,,94592350,,
0,0,,0.968,0.032,,88724639,,
0,0,,1,0,,89536309,,
0,0,,1,0,,88656842,,
0,0,,0.996,0.004,,88761166,,
0,0,,0.974,0.026,,89648529,,
0,0,,0.998,0.002,,93017179,,
0,0,,0.998,0.002,,89494832,,
0,0,,0.996,0.004,,89523034,,
0,0,,1,0,,88039596,,
0,0,,1,0,,88685124,,
0,0,,0.972,0.028,,92489169,,
0,0,,0.998,0.002,,88813395,,
0,0,,0.998,0.002,,89403450,,
0,0,,0.958,0.042,,90197798,,
0,0,,0.966,0.034,,89418056,,
0,0,,1,0,,88306346,,
0,0,,0.998,0.002,,90403272,,
0,0,,0.996,0.004,,88629100,,
0,0,,1,0,,88630963,,
0,0,,0.892,0.108,,88928721,,
0,0,,0.99,0.01,,88289163,,
0,0,,0.998,0.002,,89310595,,
0,0,,1,0,,92397278,,
0,0,,0.996,0.004,,89374296,,
0,0,,0.998,0.002,,88888063,,
0,0,,1,0,,88498655,,
0,0,,1,0,,88512421,,
0,0,,0.998,0.002,,89267726,,
0,0,,0.998,0.002,,91843599,,
0,0,,0.998,0.002,,89651165,,
0,0,,0.998,0.002,,89511332,,
0,0,,0.986,0.014,,89385296,,
0,0,,0.99,0.01,,88956582,,
0,0,,1,0,,88516650,,
0,0,,0.996,0.004,,89662716,,
0,0,,0.984,0.016,,89656682,,
0,0,,0.992,0.008,,89391659,,
0,0,,0.996,0.004,,88814377,,
0,0,,0.99,0.01,,89825419,,
0,0,,1,0,,89205960,,
0,0,,1,0,,91727433,,
0,0,,0.984,0.016,,89387879,,
0,0,,0.992,0.008,,89173139,,
0,0,,0.992,0.008,,89247819,,
0,0,,0.994,0.006,,89306897,,
0,0,,1,0,,90174003,,
0,0,,0.994,0.006,,88883095,,
0,0,,0.976,0.024,,89482106,,
0,0,,1,0,,89157059,,
0,0,,0.978,0.022,,89429798,,
0,0,,0.996,0.004,,89802328,,
0,0,,0.99,0.01,,90668399,,
0,0,,0.984,0.016,,89651975,,
0,0,,0.998,0.002,,88506731,,
0,0,,0.982,0.018,,90354019,,
0,0,,0.994,0.006,,89015243,,
0,0,,0.904,0.096,,91453729,,
0,0,,0.766,0.234,,97567691,,
0,0,,0.972,0.028,,89810212,,
0,0,,0.97,0.03,,89247126,,
0,0,,1,0,,89122854,,
0,0,,0.988,0.012,,88800320,,
0,0,,0.998,0.002,,89193446,,
0,0,,1,0,,91863527,,
0,0,,0.996,0.004,,89573638,,
0,0,,0.998,0.002,,88819416,,
0,0,,0.994,0.006,,87988528,,
0,0,,0.998,0.002,,88488757,,
0,0,,0.996,0.004,,90828417,,
0,0,,0.978,0.022,,88384822,,
0,0,,1,0,,88498404,,
0,0,,0.998,0.002,,88885440,,
0,0,,0.992,0.008,,89284907,,
0,0,,0.916,0.084,,89657736,,
0,0,,0.974,0.026,,92267424,,
0,0,,0.976,0.024,,89861096,,
0,0,,0.984,0.016,,89374957,,
0,0,,1,0,,88948016,,
0,0,,1,0,,88990547,,
0,0,,0.986,0.014,,89179148,,
0,0,,1,0,,91054631,,
0,0,,0.998,0.002,,89433456,,
0,0,,0.974,0.026,,89443163,,
0,0,,0.998,0.002,,89299905,,
0,0,,0.988,0.012,,88495559,,
0,0,,0.994,0.006,,89151216,,
0,0,,0.998,0.002,,90189372,,
0,0,,0.988,0.012,,89344528,,
0,0,,0.99,0.01,,89312259,,
0,0,,0.98,0.02,,89312699,,
0,0,,1,0,,88890017,,
0,0,,1,0,,90611773,,
0,0,,0.988,0.012,,90084014,,
0,0,,0.994,0.006,,90632812,,
0,0,,0.996,0.004,,89460305,,
0,0,,0.99,0.01,,89193497,,
0,0,,0.966,0.034,,89280047,,
0,0,,0.998,0.002,,90157461,,
0,0,,0.898,0.102,,89001196,,
0,0,,1,0,,89525808,,
0,0,,0.996,0.004,,88707795,,
0,0,,0.996,0.004,,88834525,,
0,0,,0.994,0.006,,88084218,,
0,0,,1,0,,89551656,,
0,0,,0.996,0.004,,88875379,,
0,0,,1,0,,87848097,,
0,0,,0.996,0.004,,88944959,,
0,0,,0.948,0.052,,89955693,,
0,0,,0.982,0.018,,91214612,,
0,0,,0.99,0.01,,88488425,,
0,0,,1,0,,88326512,,
0,0,,0.986,0.014,,90449728,,
0,0,,0.976,0.024,,88946503,,
0,0,,0.984,0.016,,88447068,,
0,0,,0.988,0.012,,100132483,,
0,0,,0.996,0.004,,89029570,,
0,0,,0.982,0.018,,89799630,,
0,0,,0.992,0.008,,88386623,,
0,0,,0.996,0.004,,88871663,,
0,0,,1,0,,88776133,,
0,0,,1,0,,92751198,,
0,0,,0.96,0.04,,89486134,,
0,0,,0.996,0.004,,88833902,,
0,0,,0.996,0.004,,87687034,,
0,0,,0.99,0.01,,89218382,,
0,0,,0.968,0.032,,94509683,,
0,0,,1,0,,89096614,,
0,0,,1,0,,88484127,,
0,0,,1,0,,89171443,,
0,0,,0.99,0.01,,89009211,,
0,0,,1,0,,88271018,,
0,0,,0.984,0.016,,92149312,,
0,0,,0.998,0.002,,89261533,,
0,0,,1,0,,89048754,,
0,0,,0.966,0.034,,89177595,,
0,0,,0.994,0.006,,88527688,,
0,0,,0.992,0.008,,89515267,,
0,0,,0.994,0.006,,90751724,,
0,0,,1,0,,88521837,,
0,0,,0.978,0.022,,89438214,,
0,0,,0.992,0.008,,88267282,,
0,0,,0.994,0.006,,88641411,,
0,0,,0.958,0.042,,90629555,,
0,0,,0.994,0.006,,91586047,,
0,0,,0.998,0.002,,88630611,,
0,0,,0.992,0.008,,88538037,,
0,0,,0.98,0.02,,89345229,,
0,0,,1,0,,88393207,,
0,0,,0.99,0.01,,91715048,,
0,0,,0.988,0.012,,90531651,,
0,0,,0.996,0.004,,88959508,,
0,0,,0.998,0.002,,88518882,,
0,0,,1,0,,87946600,,
0,0,,0.994,0.006,,88795912,,
0,0,,0.97,0.03,,92163487,,
0,0,,0.974,0.026,,89817294,,
0,0,,0.99,0.01,,88904934,,
0,0,,0.998,0.002,,89980600,,
0,0,,0.984,0.016,,89397377,,
0,0,,0.998,0.002,,89378502,,
0,0,,0.996,0.004,,90618114,,
0,0,,1,0,,88912007,,
0,0,,0.992,0.008,,88240290,,
0,0,,0.99,0.01,,88630731,,
0,0,,0.996,0.004,,89119467,,
0,0,,0.996,0.004,,91465030,,
0,0,,0.986,0.014,,90039308,,
0,0,,0.976,0.024,,89774682,,
0,0,,0.988,0.012,,89261493,,
0,0,,0.996,0.004,,89402647,,
0,0,,0.996,0.004,,88604562,,
0,0,,1,0,,98704688,,
0,0,,0.998,0.002,,89217991,,
0,0,,0.984,0.016,,88962272,,
0,0,,0.994,0.006,,89465134,,
0,0,,1,0,,89026162,,
0,0,,1,0,,88852136,,
0,0,,0.984,0.016,,95446346,,
0,0,,0.996,0.004,,89567976,,
0,0,,0.976,0.024,,89328217,,
0,0,,0.976,0.024,,87934377,,
0,0,,0.984,0.016,,88416969,,
0,0,,0.944,0.056,,92343966,,
0,0,,1,0,,89336373,,
0,0,,0.994,0.006,,89017836,,
0,0,,0.988,0.012,,87860537,,
0,0,,0.988,0.012,,89361620,,
0,0,,1,0,,88770924,,
0,0,,0.948,0.052,,91743622,,
0,0,,0.996,0.004,,88476191,,
0,0,,0.996,0.004,,88398075,,
0,0,,0.974,0.026,,89130557,,
0,0,,0.994,0.006,,89321425,,
0,0,,0.994,0.006,,88577009,,
0,0,,0.984,0.016,,91518790,,
0,0,,0.99,0.01,,88338554,,
0,0,,0.988,0.012,,88601306,,
0,0,,1,0,,88329365,,
0,0,,0.99,0.01,,88897901,,
0,0,,0.988,0.012,,89835277,,
0,0,,0.908,0.092,,91965074,,
0,0,,0.996,0.004,,88780171,,
0,0,,0.968,0.032,,88217407,,
0,0,,1,0,,87589791,,
0,0,,0.99,0.01,,88583452,,
0,0,,1,0,,91103092,,
0,0,,0.998,0.002,,87977296,,
0,0,,1,0,,88486019,,
0,0,,0.936,0.064,,88961821,,
0,0,,1,0,,88888423,,
0,0,,0.988,0.012,,88934749,,
0,0,,0.994,0.006,,90957960,,
0,0,,0.99,0.01,,88369942,,
0,0,,1,0,,88313395,,
0,0,,0.994,0.006,,88366316,,
0,0,,0.98,0.02,,90289677,,
0,0,,0.996,0.004,,89000303,,
0,0,,0.988,0.012,,90425261,,
0,0,,0.996,0.004,,88954026,,
0,0,,1,0,,88524522,,
0,0,,1,0,,87984940,,
0,0,,0.984,0.016,,88362830,,
0,0,,1,0,,88485870,,
0,0,,0.992,0.008,,91014464,,
0,0,,0.996,0.004,,88062817,,
0,0,,0.998,0.002,,88632012,,
0,0,,0.992,0.008,,89646714,,
0,0,,0.982,0.018,,89727543,,
0,0,,0.996,0.004,,92454552,,
0,0,,0.998,0.002,,88952643,,
0,0,,0.988,0.012,,89239762,,
0,0,,0.994,0.006,,88477042,,
0,0,,1,0,,87684810,,
0,0,,0.996,0.004,,88105967,,
0,0,,0.998,0.002,,91982148,,
0,0,,0.932,0.068,,89648606,,
0,0,,0.988,0.012,,88160451,,
0,0,,1,0,,88314306,,
0,0,,0.992,0.008,,89117764,,
0,0,,0.994,0.006,,88481530,,
0,0,,0.978,0.022,,89999815,,
0,0,,0.994,0.006,,88677968,,
0,0,,0.976,0.024,,88465882,,
0,0,,1,0,,88937383,,
0,0,,1,0,,90387571,,
0,0,,0.998,0.002,,92249728,,
0,0,,0.982,0.018,,89477555,,
0,0,,1,0,,88779770,,
0,0,,0.88,0.12,,89215465,,
0,0,,0.998,0.002,,89024287,,
0,0,,0.99,0.01,,89096754,,
0,0,,1,0,,96288803,,
0,0,,1,0,,89943207,,
0,0,,0.994,0.006,,89649858,,
0,0,,0.994,0.006,,91796691,,
0,0,,0.99,0.01,,90710665,,
0,0,,0.97,0.03,,90604797,,
0,0,,0.952,0.048,,92510125,,
0,0,,0.99,0.01,,89217380,,
0,0,,1,0,,93247807,,
0,0,,1,0,,90840629,,
0,0,,0.998,0.002,,94472151,,
0,0,,0.978,0.022,,93016204,,
0,0,,0.846,0.154,,92027843,,
0,0,,0.996,0.004,,90194520,,
0,0,,0.99,0.01,,93354406,,
0,0,,0.978,0.022,,91084457,,
0,0,,0.998,0.002,,90729390,,
0,0,,1,0,,94771221,,
0,0,,0.998,0.002,,95358320,,
0,0,,0.998,0.002,,92954989,,
0,0,,0.998,0.002,,89365816,,
0,0,,0.992,0.008,,90373153,,
0,0,,0.966,0.034,,89987782,,
0,0,,1,0,,91406670,,
0,0,,1,0,,89103696,,
0,0,,1,0,,89277561,,
0,0,,1,0,,89575438,,
0,0,,0.988,0.012,,90824038,,
0,0,,1,0,,89233630,,
0,0,,0.996,0.004,,91834651,,
0,0,,0.994,0.006,,89865943,,
0,0,,0.996,0.004,,90080525,,
0,0,,1,0,,88941872,,
0,0,,1,0,,90420151,,
0,0,,0.998,0.002,,90530739,,
0,0,,0.976,0.024,,96177334,,
0,0,,1,0,,90386377,,
0,0,,0.944,0.056,,91987267,,
0,0,,0.966,0.034,,91416697,,
0,0,,0.994,0.006,,90922101,,
0,0,,0.958,0.042,,91894493,,
0,0,,0.986,0.014,,89481032,,
0,0,,0.996,0.004,,89597261,,
0,0,,1,0,,89216007,,
0,0,,1,0,,89238868,,
0,0,,0.998,0.002,,89395452,,
0,0,,0.98,0.02,,94377503,,
0,0,,0.996,0.004,,89401163,,
0,0,,0.996,0.004,,89280967,,
0,0,,0.954,0.046,,90437694,,
0,0,,0.998,0.002,,89079741,,
0,0,,0.998,0.002,,89953356,,
0,0,,0.992,0.008,,91960295,,
0,0,,1,0,,89291908,,
0,0,,0.996,0.004,,90022797,,
0,0,,0.998,0.002,,90161006,,
0,0,,0.99,0.01,,89991909,,
0,0,,0.974,0.026,,92902630,,
0,0,,0.99,0.01,,89935393,,
0,0,,0.988,0.012,,89982091,,
0,0,,0.998,0.002,,90286250,,
0,0,,0.994,0.006,,89821119,,
0,0,,0.998,0.002,,90131360,,
0,0,,0.998,0.002,,91479724,,
0,0,,0.966,0.034,,89667502,,
0,0,,0.986,0.014,,90367672,,
0,0,,0.996,0.004,,89500208,,
0,0,,1,0,,88869117,,
0,0,,1,0,,89042901,,
0,0,,0.996,0.004,,92324497,,
0,0,,1,0,,97077120,,
0,0,,0.996,0.004,,88285904,,
0,0,,1,0,,86742061,,
0,0,,1,0,,87692151,,
0,0,,0.974,0.026,,88371354,,
0,0,,1,0,,90095142,,
0,0,,0.988,0.012,,88202648,,
0,0,,0.998,0.002,,88834390,,
0,0,,0.96,0.04,,91307583,,
0,0,,0.998,0.002,,88722942,,
0,0,,0.996,0.004,,89104085,,
0,0,,1,0,,87137733,,
0,0,,0.996,0.004,,88310830,,
0,0,,0.99,0.01,,89381004,,
0,0,,0.986,0.014,,88808211,,
0,0,,0.808,0.192,,89577092,,
0,0,,0.976,0.024,,90228953,,
0,0,,0.998,0.002,,87360711,,
0,0,,0.992,0.008,,87675830,,
0,0,,0.994,0.006,,88363809,,
0,0,,0.964,0.036,,87255243,,
0,0,,0.982,0.018,,87655232,,
0,0,,0.998,0.002,,93063050,,
0,0,,0.992,0.008,,90387209,,
0,0,,0.984,0.016,,89060535,,
0,0,,0.976,0.024,,89848400,,
0,0,,1,0,,89518130,,
0,0,,1,0,,91291142,,
0,0,,1,0,,87452873,,
0,0,,1,0,,87213164,,
0,0,,0.99,0.01,,88143997,,
0,0,,1,0,,87341895,,
0,0,,1,0,,86465914,,
0,0,,0.968,0.032,,89679814,,
0,0,,0.996,0.004,,86760346,,
0,0,,0.926,0.074,,88176487,,
0,0,,0.98,0.02,,87524207,,
0,0,,1,0,,89997459,,
0,0,,0.998,0.002,,92758581,,
0,0,,1,0,,91536891,,
0,0,,1,0,,88693216,,
0,0,,0.998,0.002,,88724705,,
0,0,,1,0,,88736306,,
0,0,,0.998,0.002,,89601377,,
0,0,,0.998,0.002,,90359497,,
0,0,,1,0,,91944875,,
0,0,,1,0,,88759581,,
0,0,,0.996,0.004,,88555819,,
0,0,,0.958,0.042,,93956032,,
0,0,,0.998,0.002,,92334767,,
0,0,,1,0,,91818188,,
0,0,,0.992,0.008,,89151535,,
0,0,,0.994,0.006,,89453650,,
0,0,,1,0,,89443371,,
0,0,,0.99,0.01,,89353022,,
0,0,,0.996,0.004,,90472999,,
0,0,,0.996,0.004,,92625060,,
0,0,,1,0,,92290312,,
0,0,,0.998,0.002,,90514908,,
0,0,,0.99,0.01,,93033945,,
0,0,,0.97,0.03,,91275562,,
0,0,,1,0,,89366837,,
0,0,,0.992,0.008,,91193810,,
0,0,,1,0,,89286737,,
0,0,,0.998,0.002,,88736428,,
0,0,,0.99,0.01,,88076230,,
0,0,,0.992,0.008,,88227884,,
0,0,,0.994,0.006,,90609877,,
0,0,,0.998,0.002,,88560867,,
0,0,,0.996,0.004,,88512157,,
0,0,,1,0,,88261608,,
0,0,,0.97,0.03,,89763029,,
0,0,,0.984,0.016,,88658501,,
0,0,,0.996,0.004,,90442612,,
0,0,,0.952,0.048,,89012024,,
0,0,,1,0,,88425543,,
0,0,,1,0,,88453296,,
0,0,,0.97,0.03,,88980354,,
0,0,,0.998,0.002,,89020087,,
0,0,,0.998,0.002,,89304129,,
0,0,,0.992,0.008,,88821416,,
0,0,,0.996,0.004,,88346035,,
0,0,,0.984,0.016,,87951355,,
0,0,,0.984,0.016,,88974453,,
0,0,,1,0,,88321990,,
0,0,,0.99,0.01,,90110841,,
0,0,,0.996,0.004,,88728551,,
0,0,,0.994,0.006,,88759480,,
0,0,,1,0,,88463685,,
0,0,,0.898,0.102,,87662756,,
0,0,,0.978,0.022,,90981611,,
0,0,,0.994,0.006,,88806398,,
0,0,,1,0,,88538155,,
0,0,,0.996,0.004,,88307012,,
0,0,,0.998,0.002,,89125575,,
0,0,,0.996,0.004,,88628894,,
0,0,,0.988,0.012,,90554984,,
0,0,,0.994,0.006,,88605991,,
0,0,,0.998,0.002,,91728030,,
0,0,,0.996,0.004,,89098244,,
0,0,,0.994,0.006,,88579792,,
0,0,,1,0,,89772989,,
0,0,,1,0,,97422724,,
0,0,,0.984,0.016,,97563268,,
0,0,,0.98,0.02,,90220024,,
0,0,,1,0,,89198913,,
0,0,,1,0,,89793405,,
0,0,,0.986,0.014,,92604460,,
0,0,,0.954,0.046,,91214117,,
0,0,,0.998,0.002,,90265050,,
0,0,,1,0,,90046399,,
0,0,,1,0,,89710991,,
0,0,,0.994,0.006,,90159571,,
0,0,,0.992,0.008,,91588458,,
0,0,,1,0,,89998690,,
0,0,,1,0,,90526218,,
0,0,,0.952,0.048,,91583328,,
0,0,,0.982,0.018,,91155617,,
0,0,,0.992,0.008,,89856415,,
0,0,,1,0,,91850819,,
0,0,,0.928,0.072,,91032015,,
0,0,,1,0,,89927266,,
0,0,,0.874,0.126,,90613823,,
0,0,,0.994,0.006,,90117413,,
0,0,,0.97,0.03,,90102404,,
0,0,,0.998,0.002,,91788592,,
0,0,,0.998,0.002,,89867875,,
0,0,,1,0,,89967903,,
0,0,,0.998,0.002,,90258026,,
0,0,,0.99,0.01,,90033004,,
0,0,,0.994,0.006,,91713832,,
0,0,,1,0,,89935553,,
0,0,,0.998,0.002,,91146069,,
0,0,,1,0,,91563922,,
0,0,,0.986,0.014,,91752595,,
0,0,,0.994,0.006,,96223408,,
0,0,,0.996,0.004,,91980782,,
0,0,,1,0,,95882861,,
0,0,,1,0,,91999748,,
0,0,,0.99,0.01,,90985929,,
0,0,,0.998,0.002,,90424267,,
0,0,,0.998,0.002,,91894751,,
0,0,,0.984,0.016,,95714616,,
0,0,,0.996,0.004,,91765520,,
0,0,,0.996,0.004,,89909192,,
0,0,,0.994,0.006,,89620792,,
0,0,,0.968,0.032,,90268104,,
0,0,,0.996,0.004,,92295372,,
0,0,,1,0,,89604021,,
0,0,,0.998,0.002,,89995694,,
0,0,,0.994,0.006,,90040939,,
0,0,,0.998,0.002,,89986787,,
0,0,,1,0,,89479247,,
0,0,,0.974,0.026,,92547744,,
0,0,,0.894,0.106,,90406905,,
0,0,,0.998,0.002,,89174626,,
0,0,,0.99,0.01,,89668641,,
0,0,,0.918,0.082,,89980796,,
0,0,,0.996,0.004,,90145264,,
0,0,,0.996,0.004,,91678756,,
0,0,,0.994,0.006,,90086776,,
0,0,,0.924,0.076,,90063179,,
0,0,,0.99,0.01,,89961341,,
0,0,,0.972,0.028,,90364104,,
0,0,,1,0,,89035946,,
0,0,,1,0,,90612270,,
0,0,,0.996,0.004,,89715528,,
0,0,,0.962,0.038,,90256003,,
0,0,,0.996,0.004,,89938727,,
0,0,,0.986,0.014,,89725027,,
0,0,,0.998,0.002,,91688675,,
0,0,,1,0,,89519752,,
0,0,,0.984,0.016,,89229229,,
0,0,,0.998,0.002,,89887873,,
0,0,,0.906,0.094,,88983408,,
0,0,,0.998,0.002,,90554641,,
0,0,,0.996,0.004,,92912056,,
0,0,,0.994,0.006,,89950368,,
0,0,,0.978,0.022,,90255330,,
0,0,,0.998,0.002,,89772446,,
0,0,,0.996,0.004,,89649847,,
0,0,,1,0,,89410218,,
0,0,,1,0,,91662675,,
0,0,,0.99,0.01,,90611417,,
0,0,,0.966,0.034,,90085452,,
0,0,,0.984,0.016,,90129264,,
0,0,,0.996,0.004,,89988441,,
0,0,,0.94,0.06,,91850608,,
0,0,,1,0,,88988637,,
0,0,,1,0,,90017544,,
0,0,,0.984,0.016,,90367470,,
0,0,,0.998,0.002,,90603022,,
0,0,,0.93,0.07,,91107695,,
0,0,,1,0,,92715148,,
0,0,,1,0,,90002767,,
0,0,,1,0,,89751817,,
0,0,,0.994,0.006,,89778397,,
0,0,,0.992,0.008,,89624458,,
0,0,,1,0,,89819434,,
0,0,,0.998,0.002,,91355120,,
0,0,,0.996,0.004,,92309145,,
0,0,,1,0,,90114276,,
0,0,,1,0,,89289722,,
0,0,,0.998,0.002,,89368860,,
0,0,,0.978,0.022,,89209301,,
0,0,,0.922,0.078,,92645767,,
0,0,,0.986,0.014,,89308617,,
0,0,,0.998,0.002,,88781460,,
0,0,,0.99,0.01,,89782503,,
0,0,,1,0,,89830865,,
0,0,,0.97,0.03,,93608090,,
0,0,,0.966,0.034,,90324920,,
0,0,,0.986,0.014,,89896739,,
0,0,,0.998,0.002,,89671175,,
0,0,,0.994,0.006,,89111398,,
0,0,,0.988,0.012,,89431277,,
0,0,,0.966,0.034,,92050282,,
0,0,,0.97,0.03,,90853761,,
0,0,,1,0,,89295703,,
0,0,,0.998,0.002,,90008055,,
0,0,,1,0,,89795249,,
0,0,,0.996,0.004,,89565207,,
0,0,,0.998,0.002,,92642891,,
0,0,,0.996,0.004,,89782725,,
0,0,,1,0,,89160619,,
0,0,,0.944,0.056,,89832949,,
0,0,,1,0,,90057550,,
0,0,,0.996,0.004,,90032271,,
0,0,,0.992,0.008,,97498024,,
0,0,,0.992,0.008,,88243913,,
0,0,,0.998,0.002,,89262591,,
0,0,,0.996,0.004,,88517023,,
0,0,,1,0,,88579802,,
0,0,,1,0,,95890964,,
0,0,,0.998,0.002,,88810314,,
0,0,,0.996,0.004,,89373387,,
0,0,,0.992,0.008,,89106959,,
0,0,,1,0,,88779415,,
0,0,,1,0,,88186574,,
0,0,,0.99,0.01,,90608492,,
0,0,,0.998,0.002,,88871396,,
0,0,,1,0,,88231700,,
0,0,,0.998,0.002,,87975449,,
0,0,,0.994,0.006,,89260476,,
0,0,,1,0,,89086511,,
0,0,,0.976,0.024,,92026937,,
0,0,,0.978,0.022,,89077153,,
0,0,,0.998,0.002,,88496265,,
0,0,,1,0,,89927777,,
0,0,,0.968,0.032,,89030806,,
0,0,,0.97,0.03,,94429708,,
0,0,,0.988,0.012,,91306840,,
0,0,,0.996,0.004,,89264293,,
0,0,,0.96,0.04,,89003546,,
0,0,,0.988,0.012,,88374166,,
0,0,,0.998,0.002,,88598847,,
0,0,,0.998,0.002,,90253525,,
0,0,,0.936,0.064,,88616040,,
0,0,,0.992,0.008,,88203497,,
0,0,,0.998,0.002,,88465868,,
0,0,,0.956,0.044,,89719926,,
0,0,,0.994,0.006,,89844411,,
0,0,,0.998,0.002,,90245079,,
0,0,,0.998,0.002,,88569062,,
0,0,,0.994,0.006,,88598686,,
0,0,,0.984,0.016,,88652789,,
0,0,,0.978,0.022,,88331765,,
0,0,,0.986,0.014,,89290653,,
0,0,,0.986,0.014,,90943076,,
0,0,,0.982,0.018,,89151182,,
0,0,,0.992,0.008,,88420944,,
0,0,,0.99,0.01,,89783365,,
0,0,,0.99,0.01,,89238345,,
0,0,,0.98,0.02,,90473337,,
0,0,,1,0,,88270121,,
0,0,,0.99,0.01,,88175483,,
0,0,,0.996,0.004,,88564453,,
0,0,,0.998,0.002,,88359088,,
0,0,,0.998,0.002,,89164887,,
0,0,,0.996,0.004,,90991438,,
0,0,,1,0,,88943353,,
0,0,,0.99,0.01,,88631187,,
0,0,,0.998,0.002,,88492589,,
0,0,,1,0,,88159353,,
0,0,,0.996,0.004,,89083475,,
0,0,,1,0,,90483717,,
0,0,,0.996,0.004,,88705876,,
0,0,,1,0,,88915260,,
0,0,,1,0,,88370680,,
0,0,,0.954,0.046,,87855193,,
0,0,,0.994,0.006,,91028679,,
0,0,,0.994,0.006,,88568990,,
0,0,,0.968,0.032,,89365762,,
0,0,,1,0,,88501704,,
0,0,,0.952,0.048,,90402485,,
0,0,,0.998,0.002,,89184895,,
0,0,,0.998,0.002,,91114177,,
0,0,,0.998,0.002,,88725023,,
0,0,,0.998,0.002,,88396238,,
0,0,,1,0,,88615918,,
0,0,,1,0,,88676311,,
0,0,,1,0,,88575704,,
0,0,,0.998,0.002,,91072701,,
0,0,,0.984,0.016,,88568419,,
0,0,,1,0,,89304157,,
0,0,,1,0,,90172424,,
0,0,,0.994,0.006,,89728964,,
0,0,,0.998,0.002,,89796260,,
0,0,,1,0,,97620572,,
0,0,,0.996,0.004,,89745584,,
0,0,,0.954,0.046,,89865459,,
0,0,,1,0,,89721039,,
0,0,,0.998,0.002,,89836133,,
0,0,,1,0,,92205130,,
0,0,,0.992,0.008,,89445292,,
0,0,,0.992,0.008,,90473858,,
0,0,,0.998,0.002,,89720797,,
0,0,,0.998,0.002,,89975655,,
0,0,,0.978,0.022,,89047987,,
0,0,,0.984,0.016,,98976824,,
0,0,,0.998,0.002,,89107658,,
0,0,,1,0,,89253032,,
0,0,,0.998,0.002,,89122317,,
0,0,,1,0,,89032208,,
0,0,,0.998,0.002,,88569231,,
0,0,,1,0,,90629850,,
0,0,,0.988,0.012,,89388034,,
0,0,,0.998,0.002,,88525810,,
0,0,,1,0,,88957108,,
0,0,,0.99,0.01,,89279380,,
0,0,,0.994,0.006,,90806051,,
0,0,,0.986,0.014,,88112996,,
0,0,,0.978,0.022,,88878880,,
0,0,,0.988,0.012,,88565543,,
0,0,,0.99,0.01,,89121756,,
0,0,,0.986,0.014,,87905738,,
0,0,,0.998,0.002,,90759493,,
0,0,,0.998,0.002,,89231030,,
0,0,,1,0,,88646125,,
0,0,,0.974,0.026,,88659980,,
0,0,,0.994,0.006,,89100948,,
0,0,,0.986,0.014,,88076137,,
0,0,,0.982,0.018,,90022913,,
0,0,,1,0,,88476819,,
0,0,,0.998,0.002,,88969650,,
0,0,,0.896,0.104,,89651657,,
0,0,,1,0,,89394557,,
0,0,,0.994,0.006,,88613804,,
0,0,,0.998,0.002,,90212989,,
0,0,,0.99,0.01,,88636636,,
0,0,,1,0,,88917664,,
0,0,,0.996,0.004,,89078374,,
0,0,,0.996,0.004,,88830009,,
0,0,,0.996,0.004,,90605734,,
0,0,,0.996,0.004,,89151182,,
0,0,,0.998,0.002,,88789523,,
0,0,,0.996,0.004,,88898337,,
0,0,,1,0,,88559362,,
0,0,,0.998,0.002,,89074056,,
0,0,,0.94,0.06,,90292839,,
0,0,,0.992,0.008,,88568509,,
0,0,,0.992,0.008,,88723830,,
0,0,,0.962,0.038,,88366150,,
0,0,,0.986,0.014,,90378971,,
0,0,,0.988,0.012,,89986384,,
0,0,,0.996,0.004,,91491462,,
0,0,,0.988,0.012,,88991973,,
0,0,,0.974,0.026,,87566373,,
0,0,,0.998,0.002,,88371981,,
0,0,,0.994,0.006,,88199779,,
0,0,,0.982,0.018,,90044965,,
0,0,,0.994,0.006,,91744117,,
0,0,,0.99,0.01,,88302331,,
0,0,,0.988,0.012,,89577889,,
0,0,,0.946,0.054,,88472518,,
0,0,,0.994,0.006,,88927662,,
0,0,,0.986,0.014,,91941256,,
0,0,,1,0,,88704784,,
0,0,,0.99,0.01,,88661734,,
0,0,,1,0,,88806645,,
0,0,,0.89,0.11,,90382365,,
0,0,,0.998,0.002,,88866888,,
0,0,,1,0,,90355786,,
0,0,,0.986,0.014,,89239375,,
0,0,,0.998,0.002,,88094271,,
0,0,,1,0,,88589769,,
0,0,,0.992,0.008,,88267586,,
0,0,,1,0,,89147032,,
0,0,,1,0,,90454201,,
0,0,,1,0,,88460495,,
0,0,,0.95,0.05,,89861912,,
0,0,,1,0,,88455758,,
0,0,,0.862,0.138,,88814921,,
0,0,,0.998,0.002,,90209661,,
0,0,,0.998,0.002,,87863499,,
0,0,,0.996,0.004,,89106958,,
0,0,,0.956,0.044,,89669100,,
0,0,,0.966,0.034,,89420494,,
0,0,,0.998,0.002,,88571355,,
0,0,,0.998,0.002,,89759560,,
0,0,,0.998,0.002,,88692040,,
0,0,,0.984,0.016,,88726093,,
0,0,,0.97,0.03,,89288988,,
0,0,,0.978,0.022,,89845310,,
0,0,,1,0,,89017419,,
0,0,,0.988,0.012,,90061976,,
0,0,,0.996,0.004,,88996741,,
0,0,,0.996,0.004,,88860625,,
0,0,,1,0,,88986923,,
0,0,,1,0,,88082268,,
0,0,,0.998,0.002,,88586111,,
0,0,,0.99,0.01,,89279401,,
0,0,,0.996,0.004,,88410302,,
0,0,,0.99,0.01,,88779955,,
0,0,,1,0,,88633330,,
0,0,,1,0,,88461278,,
0,0,,0.998,0.002,,89735092,,
0,0,,0.952,0.048,,88065878,,
0,0,,0.968,0.032,,89920761,,
0,0,,0.976,0.024,,88664809,,
0,0,,0.996,0.004,,88947779,,
0,0,,0.974,0.026,,89717520,,
0,0,,0.996,0.004,,90354013,,
0,0,,0.998,0.002,,88902153,,
0,0,,0.998,0.002,,88046219,,
0,0,,0.998,0.002,,88530367,,
0,0,,0.998,0.002,,88111642,,
0,0,,0.998,0.002,,88485684,,
0,0,,0.998,0.002,,90607016,,
0,0,,0.998,0.002,,89135881,,
0,0,,0.988,0.012,,89373577,,
0,0,,1,0,,89060249,,
0,0,,0.998,0.002,,88881685,,
0,0,,0.994,0.006,,92325916,,
0,0,,0.998,0.002,,89144316,,
0,0,,0.988,0.012,,89427016,,
0,0,,0.98,0.02,,88760628,,
0,0,,0.996,0.004,,88608183,,
0,0,,0.998,0.002,,89670171,,
0,0,,1,0,,91036492,,
0,0,,0.984,0.016,,89977707,,
0,0,,0.998,0.002,,88784574,,
0,0,,0.986,0.014,,90179395,,
0,0,,1,0,,88056259,,
0,0,,0.994,0.006,,89244123,,
0,0,,0.986,0.014,,92204539,,
0,0,,0.998,0.002,,88513575,,
0,0,,1,0,,89167309,,
0,0,,0.996,0.004,,88874663,,
0,0,,0.998,0.002,,89131331,,
0,0,,1,0,,88837243,,
0,0,,0.998,0.002,,94877564,,
0,0,,0.99,0.01,,89463755,,
0,0,,0.95,0.05,,89315767,,
0,0,,0.966,0.034,,89754842,,
0,0,,0.994,0.006,,89048015,,
0,0,,0.986,0.014,,103719614,,
0,0,,0.916,0.084,,90267411,,
0,0,,1,0,,89346996,,
0,0,,1,0,,89065008,,
0,0,,0.964,0.036,,89052135,,
0,0,,0.998,0.002,,88736021,,
0,0,,0.998,0.002,,90780761,,
0,0,,0.998,0.002,,88628070,,
0,0,,0.996,0.004,,89253209,,
0,0,,0.998,0.002,,89369438,,
0,0,,0.966,0.034,,89989860,,
0,0,,0.998,0.002,,88586110,,
0,0,,1,0,,90917457,,
0,0,,1,0,,88857760,,
0,0,,0.996,0.004,,88697490,,
0,0,,0.998,0.002,,88691429,,
0,0,,0.994,0.006,,88719191,,
0,0,,0.968,0.032,,91920646,,
0,0,,0.996,0.004,,88652695,,
0,0,,0.99,0.01,,88568958,,
0,0,,1,0,,88957418,,
0,0,,0.994,0.006,,88901682,,
0,0,,1,0,,88506752,,
0,0,,0.994,0.006,,91430639,,
0,0,,0.998,0.002,,88417345,,
0,0,,1,0,,89172328,,
0,0,,0.998,0.002,,89189600,,
0,0,,0.982,0.018,,89505113,,
0,0,,0.996,0.004,,89260896,,
0,0,,0.996,0.004,,97174896,,
0,0,,0.996,0.004,,88853953,,
0,0,,0.996,0.004,,88940295,,
0,0,,0.984,0.016,,88951224,,
0,0,,0.99,0.01,,89399814,,
0,0,,1,0,,89249544,,
0,0,,0.994,0.006,,94916517,,
0,0,,0.994,0.006,,88416193,,
0,0,,0.996,0.004,,88603914,,
0,0,,0.958,0.042,,89412939,,
0,0,,0.98,0.02,,88525767,,
0,0,,1,0,,90281666,,
0,0,,1,0,,88998283,,
0,0,,0.978,0.022,,89103471,,
0,0,,0.996,0.004,,88759155,,
0,0,,0.996,0.004,,88272413,,
0,0,,0.988,0.012,,88319091,,
0,0,,0.998,0.002,,95856016,,
0,0,,0.996,0.004,,88253617,,
0,0,,0.998,0.002,,88138763,,
0,0,,0.996,0.004,,88090321,,
0,0,,0.996,0.004,,88672884,,
0,0,,1,0,,88698120,,
0,0,,0.996,0.004,,90529821,,
0,0,,0.966,0.034,,89688896,,
0,0,,0.956,0.044,,89933985,,
0,0,,0.996,0.004,,89068795,,
0,0,,1,0,,88469162,,
0,0,,0.998,0.002,,90214139,,
0,0,,0.998,0.002,,87970419,,
0,0,,0.976,0.024,,88418205,,
0,0,,0.974,0.026,,88345881,,
0,0,,1,0,,88298021,,
0,0,,1,0,,87981488,,
0,0,,1,0,,89035472,,
0,0,,0.994,0.006,,87796341,,
0,0,,0.98,0.02,,88675159,,
0,0,,0.996,0.004,,87954147,,
0,0,,0.994,0.006,,87834503,,
0,0,,1,0,,88855164,,
0,0,,0.994,0.006,,89181856,,
0,0,,0.996,0.004,,88330873,,
0,0,,0.986,0.014,,88096563,,
0,0,,1,0,,87762268,,
0,0,,0.992,0.008,,88041220,,
0,0,,1,0,,88513134,,
0,0,,0.992,0.008,,91300305,,
0,0,,0.982,0.018,,89030812,,
0,0,,1,0,,88186743,,
0,0,,1,0,,88416083,,
0,0,,0.992,0.008,,88641063,,
0,0,,0.962,0.038,,91263564,,
0,0,,0.994,0.006,,89262487,,
0,0,,1,0,,88567296,,
0,0,,0.986,0.014,,88427804,,
0,0,,0.98,0.02,,88909957,,
0,0,,1,0,,89065638,,
0,0,,0.958,0.042,,90991465,,
0,0,,0.998,0.002,,88943359,,
0,0,,0.99,0.01,,88820279,,
0,0,,0.994,0.006,,87724506,,
0,0,,0.996,0.004,,88243318,,
0,0,,0.998,0.002,,88268746,,
0,0,,0.974,0.026,,90609360,,
0,0,,0.986,0.014,,89070237,,
0,0,,0.998,0.002,,87869618,,
0,0,,0.996,0.004,,89215178,,
0,0,,0.984,0.016,,89184310,,
0,0,,1,0,,89050179,,
0,0,,0.994,0.006,,90600383,,
0,0,,0.978,0.022,,87992839,,
0,0,,0.99,0.01,,88401655,,
0,0,,0.994,0.006,,88154051,,
0,0,,0.99,0.01,,89165155,,
0,0,,0.996,0.004,,90456353,,
0,0,,0.998,0.002,,88759956,,
0,0,,0.992,0.008,,88764074,,
0,0,,0.998,0.002,,88357511,,
0,0,,1,0,,88189928,,
0,0,,0.998,0.002,,88056298,,
0,0,,1,0,,92384434,,
0,0,,0.99,0.01,,88564770,,
0,0,,0.996,0.004,,87900406,,
0,0,,0.994,0.006,,88984967,,
0,0,,0.992,0.008,,90985835,,
0,0,,0.94,0.06,,88702809,,
0,0,,0.994,0.006,,90268571,,
0,0,,0.992,0.008,,96282895,,
0,0,,0.994,0.006,,87560590,,
0,0,,0.986,0.014,,88448321,,
0,0,,0.966,0.034,,88064473,,
0,0,,0.98,0.02,,90274824,,
0,0,,0.942,0.058,,89194930,,
0,0,,0.996,0.004,,88890109,,
0,0,,0.916,0.084,,88726663,,
0,0,,0.998,0.002,,88045006,,
0,0,,0.982,0.018,,87553536,,
0,0,,1,0,,89736725,,
0,0,,0.998,0.002,,87858017,,
0,0,,1,0,,88043723,,
0,0,,0.992,0.008,,88530847,,
0,0,,0.992,0.008,,88295005,,
0,0,,0.994,0.006,,88186722,,
0,0,,0.998,0.002,,90208778,,
0,0,,1,0,,88756059,,
0,0,,0.992,0.008,,88362040,,
0,0,,1,0,,88133562,,
0,0,,0.998,0.002,,88376948,,
0,0,,1,0,,88276359,,
0,0,,1,0,,89682804,,
0,0,,0.948,0.052,,88642825,,
0,0,,1,0,,87911877,,
0,0,,0.986,0.014,,88106832,,
0,0,,1,0,,87966019,,
0,0,,0.992,0.008,,89260794,,
0,0,,1,0,,88040507,,
0,0,,0.984,0.016,,88920317,,
0,0,,0.984,0.016,,89003661,,
0,0,,0.982,0.018,,88966262,,
0,0,,0.998,0.002,,88093408,,
0,0,,1,0,,89775928,,
0,0,,0.968,0.032,,88493395,,
0,0,,1,0,,88238469,,
0,0,,1,0,,88513112,,
0,0,,1,0,,88156336,,
0,0,,0.972,0.028,,88194647,,
0,0,,0.976,0.024,,90345375,,
0,0,,0.996,0.004,,88208101,,
0,0,,0.998,0.002,,88569629,,
0,0,,0.994,0.006,,88359514,,
0,0,,1,0,,87893362,,
0,0,,0.978,0.022,,89503008,,
0,0,,1,0,,87534048,,
0,0,,0.99,0.01,,88817373,,
0,0,,0.97,0.03,,89587726,,
0,0,,0.99,0.01,,89206872,,
0,0,,0.998,0.002,,88732222,,
0,0,,0.996,0.004,,90695962,,
0,0,,1,0,,87843508,,
0,0,,0.972,0.028,,88392988,,
0,0,,1,0,,88031121,,
0,0,,1,0,,88126939,,
0,0,,0.898,0.102,,88660629,,
0,0,,0.996,0.004,,89376449,,
0,0,,0.986,0.014,,87786062,,
0,0,,0.998,0.002,,87791271,,
0,0,,0.96,0.04,,87883332,,
0,0,,0.99,0.01,,88206349,,
0,0,,0.998,0.002,,88109706,,
0,0,,1,0,,90452907,,
0,0,,0.996,0.004,,88116419,,
0,0,,0.998,0.002,,88373692,,
0,0,,1,0,,88436207,,
0,0,,0.902,0.098,,89383894,,
0,0,,0.998,0.002,,89440350,,
0,0,,0.99,0.01,,88747443,,
0,0,,0.99,0.01,,88839102,,
0,0,,1,0,,87763760,,
0,0,,0.982,0.018,,89076297,,
0,0,,0.994,0.006,,88083298,,
0,0,,0.994,0.006,,90346307,,
0,0,,0.94,0.06,,89227751,,
0,0,,0.98,0.02,,88358384,,
0,0,,0.996,0.004,,87589622,,
0,0,,0.998,0.002,,88273655,,
0,0,,0.992,0.008,,87964734,,
0,0,,1,0,,89144335,,
0,0,,1,0,,88242967,,
0,0,,1,0,,88598643,,
0,0,,0.974,0.026,,88828915,,
0,0,,1,0,,88336892,,
0,0,,0.99,0.01,,92669888,,
0,0,,0.986,0.014,,88577925,,
0,0,,0.998,0.002,,88593913,,
0,0,,0.992,0.008,,88504628,,
0,0,,1,0,,88041398,,
0,0,,0.996,0.004,,88875431,,
0,0,,0.99,0.01,,89972866,,
0,0,,1,0,,88162166,,
0,0,,0.998,0.002,,89251114,,
0,0,,0.978,0.022,,88892373,,
0,0,,0.998,0.002,,88382797,,
0,0,,1,0,,88451478,,
0,0,,0.95,0.05,,93726866,,
0,0,,0.998,0.002,,88009299,,
0,0,,1,0,,88170802,,
0,0,,0.998,0.002,,88265709,,
0,0,,0.988,0.012,,88733636,,
0,0,,0.998,0.002,,88824315,,
0,0,,0.992,0.008,,89762082,,
0,0,,0.916,0.084,,90169294,,
0,0,,0.976,0.024,,88796293,,
0,0,,0.868,0.132,,89366561,,
0,0,,1,0,,88606316,,
0,0,,0.994,0.006,,89918895,,
0,0,,0.998,0.002,,88400312,,
0,0,,0.998,0.002,,87742940,,
0,0,,0.982,0.018,,89174390,,
0,0,,1,0,,87612936,,
0,0,,0.952,0.048,,89263989,,
0,0,,0.972,0.028,,90913047,,
0,0,,0.998,0.002,,88074820,,
0,0,,0.97,0.03,,88777707,,
0,0,,0.988,0.012,,87918468,,
0,0,,0.996,0.004,,88344618,,
0,0,,0.99,0.01,,88076213,,
0,0,,1,0,,90045682,,
0,0,,0.988,0.012,,87991415,,
0,0,,1,0,,88218310,,
0,0,,0.994,0.006,,88534211,,
0,0,,0.994,0.006,,88251342,,
0,0,,0.998,0.002,,90192297,,
0,0,,0.992,0.008,,88986759,,
0,0,,1,0,,88126638,,
0,0,,0.988,0.012,,88215746,,
0,0,,0.958,0.042,,89228051,,
0,0,,0.952,0.048,,88591649,,
0,0,,1,0,,89748465,,
0,0,,0.966,0.034,,88778900,,
0,0,,1,0,,88170590,,
0,0,,0.998,0.002,,88368863,,
0,0,,0.992,0.008,,88499336,,
0,0,,0.996,0.004,,88376485,,
0,0,,0.976,0.024,,90488872,,
0,0,,1,0,,87998427,,
0,0,,0.962,0.038,,87842336,,
0,0,,0.998,0.002,,88627466,,
0,0,,0.998,0.002,,88141878,,
0,0,,0.992,0.008,,88902491,,
0,0,,0.998,0.002,,90155919,,
0,0,,0.996,0.004,,87987347,,
0,0,,0.992,0.008,,87465840,,
0,0,,0.952,0.048,,88272692,,
0,0,,0.996,0.004,,87263631,,
0,0,,0.982,0.018,,90579351,,
0,0,,1,0,,87786801,,
0,0,,0.998,0.002,,88037132,,
0,0,,0.998,0.002,,88424937,,
0,0,,0.988,0.012,,88938518,,
0,0,,0.978,0.022,,89120971,,
0,0,,1,0,,89444076,,
0,0,,0.992,0.008,,87313455,,
0,0,,0.984,0.016,,88316834,,
0,0,,0.962,0.038,,88974766,,
0,0,,0.992,0.008,,87633284,,
0,0,,0.966,0.034,,88017083,,
0,0,,0.998,0.002,,97316259,,
0,0,,0.998,0.002,,88747291,,
0,0,,0.988,0.012,,89059124,,
0,0,,0.994,0.006,,88181981,,
0,0,,0.99,0.01,,87984883,,
0,0,,0.99,0.01,,89898898,,
0,0,,0.982,0.018,,87502610,,
0,0,,0.994,0.006,,88089689,,
0,0,,1,0,,88522780,,
0,0,,0.994,0.006,,88245892,,
0,0,,1,0,,88631393,,
0,0,,0.99,0.01,,90061902,,
0,0,,0.98,0.02,,88365826,,
0,0,,1,0,,88406522,,
0,0,,0.996,0.004,,88258595,,
0,0,,0.998,0.002,,88044975,,
0,0,,0.998,0.002,,88161443,,
0,0,,0.99,0.01,,89986522,,
0,0,,1,0,,88716332,,
0,0,,0.99,0.01,,89201099,,
0,0,,0.98,0.02,,88719397,,
0,0,,0.996,0.004,,87479476,,
0,0,,0.998,0.002,,87685231,,
0,0,,0.994,0.006,,89754436,,
0,0,,1,0,,88830045,,
0,0,,0.956,0.044,,88686557,,
0,0,,1,0,,88068479,,
0,0,,0.978,0.022,,89112144,,
0,0,,0.992,0.008,,90074756,,
0,0,,0.998,0.002,,89496623,,
0,0,,0.992,0.008,,88218670,,
0,0,,1,0,,87759371,,
0,0,,1,0,,87717291,,
0,0,,0.994,0.006,,88717794,,
0,0,,0.994,0.006,,90666725,,
0,0,,1,0,,88243116,,
0,0,,0.996,0.004,,87428560,,
0,0,,0.996,0.004,,87928116,,
0,0,,1,0,,88034125,,
0,0,,0.986,0.014,,88057437,,
0,0,,0.994,0.006,,88946313,,
0,0,,0.992,0.008,,88610855,,
0,0,,1,0,,88265198,,
0,0,,1,0,,88100890,,
0,0,,0.996,0.004,,87883852,,
0,0,,0.996,0.004,,88615874,,
0,0,,0.998,0.002,,89618432,,
0,0,,0.992,0.008,,87782924,,
0,0,,0.992,0.008,,87993629,,
0,0,,0.998,0.002,,88357801,,
0,0,,1,0,,88347651,,
0,0,,0.99,0.01,,97216079,,
0,0,,0.988,0.012,,88527018,,
0,0,,0.982,0.018,,88734837,,
0,0,,0.976,0.024,,87405426,,
0,0,,1,0,,88138420,,
0,0,,0.998,0.002,,87775290,,
0,0,,0.96,0.04,,90804162,,
0,0,,1,0,,87866240,,
0,0,,0.95,0.05,,88937145,,
0,0,,0.966,0.034,,89015283,,
0,0,,1,0,,88308749,,
0,0,,0.994,0.006,,87554865,,
0,0,,1,0,,90730155,,
0,0,,0.992,0.008,,87510514,,
0,0,,0.996,0.004,,87613035,,
0,0,,0.998,0.002,,88051626,,
0,0,,1,0,,87835813,,
0,0,,0.998,0.002,,89557918,,
0,0,,0.996,0.004,,88434985,,
0,0,,0.986,0.014,,87825294,,
0,0,,0.984,0.016,,88180238,,
0,0,,0.998,0.002,,88136735,,
0,0,,0.972,0.028,,88838632,,
0,0,,0.996,0.004,,90062103,,
0,0,,1,0,,87860668,,
0,0,,0.998,0.002,,88400671,,
0,0,,0.914,0.086,,89160945,,
0,0,,0.998,0.002,,88075981,,
0,0,,0.998,0.002,,87729614,,
0,0,,1,0,,90048747,,
0,0,,1,0,,87347468,,
0,0,,1,0,,87912667,,
0,0,,0.996,0.004,,87534077,,
0,0,,0.998,0.002,,88026710,,
0,0,,0.992,0.008,,88645450,,
0,0,,0.994,0.006,,95521216,,
0,0,,0.986,0.014,,88476311,,
0,0,,0.986,0.014,,88312196,,
0,0,,1,0,,88373499,,
0,0,,0.984,0.016,,89255842,,
0,0,,0.866,0.134,,90511705,,
0,0,,1,0,,88086492,,
0,0,,1,0,,88620111,,
0,0,,1,0,,88707195,,
0,0,,0.994,0.006,,88559168,,
0,0,,0.982,0.018,,88614480,,
0,0,,0.998,0.002,,94423350,,
0,0,,0.924,0.076,,89440659,,
0,0,,0.986,0.014,,87846492,,
0,0,,1,0,,87679070,,
0,0,,0.996,0.004,,88294250,,
0,0,,0.996,0.004,,88221095,,
0,0,,1,0,,89304743,,
0,0,,0.988,0.012,,87959985,,
0,0,,0.994,0.006,,88378729,,
0,0,,0.986,0.014,,89349888,,
0,0,,0.978,0.022,,87739351,,
0,0,,0.996,0.004,,90664150,,
0,0,,1,0,,87689548,,
0,0,,0.998,0.002,,87617694,,
0,0,,0.998,0.002,,88305051,,
0,0,,0.976,0.024,,88556041,,
0,0,,1,0,,87933445,,
0,0,,0.982,0.018,,89787858,,
0,0,,0.996,0.004,,88193272,,
0,0,,0.992,0.008,,88735578,,
0,0,,0.996,0.004,,87859736,,
0,0,,0.994,0.006,,88192310,,
0,0,,0.998,0.002,,88619520,,
0,0,,0.998,0.002,,89745719,,
0,0,,1,0,,88096721,,
0,0,,0.998,0.002,,88153747,,
0,0,,1,0,,87810576,,
0,0,,1,0,,87615568,,
0,0,,1,0,,87804614,,
0,0,,0.996,0.004,,89728367,,
0,0,,0.998,0.002,,87891987,,
0,0,,0.996,0.004,,87440803,,
0,0,,0.986,0.014,,88348802,,
0,0,,0.992,0.008,,87981907,,
0,0,,0.968,0.032,,90038838,,
0,0,,0.984,0.016,,88265768,,
0,0,,0.968,0.032,,87605671,,
0,0,,0.998,0.002,,87807107,,
0,0,,0.994,0.006,,88487713,,
0,0,,1,0,,88618528,,
0,0,,1,0,,89320112,,
0,0,,0.986,0.014,,87756144,,
0,0,,0.994,0.006,,86868270,,
0,0,,0.982,0.018,,88657019,,
0,0,,0.99,0.01,,88296486,,
0,0,,0.99,0.01,,87884904,,
0,0,,0.996,0.004,,89407847,,
0,0,,0.998,0.002,,87621650,,
0,0,,0.976,0.024,,88393676,,
0,0,,1,0,,88051868,,
0,0,,0.968,0.032,,89316376,,
0,0,,0.998,0.002,,89464131,,
0,0,,0.99,0.01,,88054761,,
0,0,,0.994,0.006,,87725356,,
0,0,,0.998,0.002,,87731727,,
0,0,,0.99,0.01,,87677586,,
0,0,,0.964,0.036,,89723548,,
0,0,,0.976,0.024,,90368496,,
0,0,,0.976,0.024,,88232674,,
0,0,,0.994,0.006,,87960335,,
0,0,,0.998,0.002,,87372073,,
0,0,,1,0,,87556479,,
0,0,,0.99,0.01,,87878843,,
0,0,,0.992,0.008,,89036530,,
0,0,,1,0,,87191586,,
0,0,,0.984,0.016,,87232431,,
0,0,,0.998,0.002,,87124470,,
0,0,,0.994,0.006,,87825162,,
0,0,,0.998,0.002,,88129742,,
0,0,,0.994,0.006,,93159223,,
0,0,,1,0,,88014406,,
0,0,,0.998,0.002,,87871259,,
0,0,,0.996,0.004,,87638642,,
0,0,,0.996,0.004,,87627562,,
0,0,,0.964,0.036,,90386639,,
0,0,,0.986,0.014,,88306223,,
0,0,,0.994,0.006,,87507777,,
0,0,,0.998,0.002,,88182883,,
0,0,,1,0,,87871218,,
0,0,,0.974,0.026,,88604130,,
0,0,,0.998,0.002,,89830397,,
0,0,,0.984,0.016,,88210593,,
0,0,,0.958,0.042,,88943266,,
0,0,,0.98,0.02,,88542185,,
0,0,,0.992,0.008,,89291218,,
0,0,,1,0,,87838837,,
0,0,,0.996,0.004,,89346019,,
0,0,,0.94,0.06,,88417772,,
0,0,,0.998,0.002,,88116898,,
0,0,,0.992,0.008,,88484626,,
0,0,,0.998,0.002,,87466570,,
0,0,,0.966,0.034,,91082873,,
0,0,,0.996,0.004,,87961186,,
0,0,,0.934,0.066,,88021129,,
0,0,,0.99,0.01,,88131946,,
0,0,,0.998,0.002,,87966476,,
0,0,,0.984,0.016,,88866562,,
0,0,,0.994,0.006,,90094672,,
0,0,,0.998,0.002,,87810334,,
0,0,,0.988,0.012,,87306069,,
0,0,,0.956,0.044,,87998045,,
0,0,,0.998,0.002,,88156823,,
0,0,,0.998,0.002,,87866448,,
0,0,,1,0,,89607841,,
0,0,,0.998,0.002,,87623914,,
0,0,,0.996,0.004,,87848246,,
0,0,,0.984,0.016,,87389696,,
0,0,,0.998,0.002,,87783514,,
0,0,,0.992,0.008,,88513451,,
0,0,,1,0,,90071298,,
0,0,,0.904,0.096,,90177376,,
0,0,,0.996,0.004,,88085570,,
0,0,,0.998,0.002,,87418560,,
0,0,,0.99,0.01,,87676713,,
0,0,,0.806,0.194,,91893530,,
0,0,,1,0,,87452944,,
0,0,,0.992,0.008,,88078195,,
0,0,,0.994,0.006,,88145591,,
0,0,,1,0,,87785016,,
0,0,,0.992,0.008,,88195415,,
0,0,,0.992,0.008,,90096595,,
0,0,,1,0,,88419314,,
0,0,,0.998,0.002,,87951177,,
0,0,,0.996,0.004,,87324544,,
0,0,,0.982,0.018,,88250067,,
0,0,,0.998,0.002,,88823662,,
0,0,,0.98,0.02,,93673925,,
0,0,,0.992,0.008,,88296043,,
0,0,,0.996,0.004,,87948422,,
0,0,,1,0,,87928836,,
0,0,,1,0,,88155570,,
0,0,,0.996,0.004,,90977295,,
0,0,,0.978,0.022,,88835463,,
0,0,,1,0,,87551149,,
0,0,,0.994,0.006,,87904560,,
0,0,,0.98,0.02,,88951641,,
0,0,,0.99,0.01,,88390741,,
0,0,,1,0,,90080324,,
0,0,,0.944,0.056,,89576932,,
0,0,,0.988,0.012,,87820092,,
0,0,,1,0,,87574622,,
0,0,,0.988,0.012,,87532594,,
0,0,,0.992,0.008,,88479136,,
0,0,,0.956,0.044,,90027495,,
0,0,,1,0,,88274463,,
0,0,,1,0,,88010308,,
0,0,,0.996,0.004,,87880926,,
0,0,,0.992,0.008,,87306710,,
0,0,,0.992,0.008,,88530673,,
0,0,,1,0,,90098768,,
0,0,,1,0,,87740793,,
0,0,,0.938,0.062,,88654876,,
0,0,,0.998,0.002,,88311181,,
0,0,,1,0,,88395780,,
0,0,,0.998,0.002,,89900668,,
0,0,,0.978,0.022,,87833648,,
0,0,,0.95,0.05,,88795278,,
0,0,,0.994,0.006,,88175117,,
0,0,,0.998,0.002,,87599178,,
0,0,,0.99,0.01,,88467914,,
0,0,,0.954,0.046,,90209077,,
0,0,,1,0,,88298738,,
0,0,,1,0,,88863244,,
0,0,,0.998,0.002,,87932462,,
0,0,,0.994,0.006,,87959062,,
0,0,,0.948,0.052,,89615093,,
0,0,,1,0,,103267893,,
0,0,,0.992,0.008,,87358947,,
1,1,,0,1,,81067276,,
1,1,,0.002,0.998,,81223037,,
1,1,,0,1,,81457103,,
1,1,,0,1,,80997735,,
1,1,,0.004,0.996,,82683280,,
1,1,,0.014,0.986,,81563756,,
1,1,,0,1,,80726607,,
1,1,,0,1,,81026258,,
1,1,,0.016,0.984,,82264397,,
1,1,,0,1,,80791719,,
1,1,,0,1,,82909946,,
1,1,,0.004,0.996,,81057086,,
1,1,,0,1,,80509731,,
1,1,,0.082,0.918,,81905565,,
1,1,,0,1,,80588599,,
1,1,,0.002,0.998,,80236648,,
1,1,,0.004,0.996,,82586640,,
1,1,,0.002,0.998,,79898346,,
1,1,,0.002,0.998,,80795977,,
1,1,,0.026,0.974,,82454323,,
1,1,,0.008,0.992,,82144973,,
1,1,,0.002,0.998,,81325238,,
1,1,,0.012,0.988,,81237203,,
1,1,,0.004,0.996,,84796338,,
1,1,,0,1,,81068577,,
1,1,,0.002,0.998,,81603058,,
1,1,,0.072,0.928,,82873478,,
1,1,,0.08,0.92,,82961222,,
1,1,,0.004,0.996,,81187109,,
1,1,,0,1,,83164953,,
1,1,,0.104,0.896,,83042243,,
1,1,,0.006,0.994,,81370122,,
1,1,,0.002,0.998,,80782421,,
1,1,,0.002,0.998,,80560274,,
1,1,,0.008,0.992,,80660553,,
1,1,,0.012,0.988,,82666470,,
1,1,,0.036,0.964,,84266386,,
1,1,,0,1,,80892728,,
1,1,,0.004,0.996,,83243029,,
1,1,,0.066,0.934,,83888248,,
1,1,,0,1,,80772794,,
1,1,,0,1,,82787185,,
1,1,,0.016,0.984,,81239317,,
1,1,,0,1,,80507735,,
1,1,,0,1,,80771271,,
1,1,,0.004,0.996,,80528746,,
1,1,,0.006,0.994,,80957840,,
1,1,,0.01,0.99,,80762563,,
1,1,,0.084,0.916,,85700081,,
1,1,,0.002,0.998,,80857302,,
1,1,,0.004,0.996,,80634865,,
1,1,,0.004,0.996,,80620177,,
1,1,,0.034,0.966,,83647767,,
1,1,,0.018,0.982,,81562291,,
1,1,,0,1,,81849129,,
1,1,,0.002,0.998,,80496897,,
1,1,,0,1,,80733369,,
1,1,,0,1,,80998255,,
1,1,,0,1,,80762364,,
1,1,,0.008,0.992,,80883630,,
1,1,,0,1,,81874255,,
1,1,,0.004,0.996,,80584281,,
1,1,,0,1,,79656664,,
1,1,,0.004,0.996,,80679928,,
1,1,,0.102,0.898,,85259246,,
1,1,,0.01,0.99,,82267712,,
1,1,,0.002,0.998,,90456920,,
1,1,,0.096,0.904,,84872471,,
1,1,,0,1,,80805816,,
1,1,,0.004,0.996,,80989298,,
1,1,,0.006,0.994,,80513708,,
1,1,,0,1,,80921061,,
1,1,,0.01,0.99,,80769536,,
1,1,,0,1,,84291282,,
1,1,,0,1,,80315417,,
1,1,,0.002,0.998,,81322963,,
1,1,,0.006,0.994,,81599691,,
1,1,,0.004,0.996,,81400980,,
1,1,,0,1,,81066132,,
1,1,,0.002,0.998,,83483480,,
1,1,,0,1,,81258162,,
1,1,,0,1,,80977336,,
1,1,,0.026,0.974,,81648632,,
1,1,,0,1,,80701700,,
1,1,,0.002,0.998,,80890033,,
1,1,,0.014,0.986,,88828989,,
1,1,,0.022,0.978,,82008025,,
1,1,,0.006,0.994,,80890804,,
1,1,,0,1,,80244293,,
1,1,,0,1,,80283526,,
1,1,,0.002,0.998,,80651957,,
1,1,,0,1,,82900207,,
1,1,,0.002,0.998,,80212072,,
1,1,,0.06,0.94,,82127920,,
1,1,,0.016,0.984,,82379572,,
1,1,,0.002,0.998,,80859285,,
1,1,,0,1,,81066282,,
1,1,,0.002,0.998,,81028371,,
1,1,,0.116,0.884,,90951115,,
1,1,,0,1,,80700466,,
1,1,,0.018,0.982,,87151118,,
1,1,,0.068,0.932,,83023848,,
1,1,,0.11,0.89,,82769683,,
1,1,,0,1,,81227433,,
1,1,,0.032,0.968,,83763924,,
1,1,,0.054,0.946,,82415369,,
1,1,,0.004,0.996,,80280870,,
1,1,,0.004,0.996,,80420112,,
1,1,,0.062,0.938,,84959173,,
1,1,,0,1,,80360049,,
1,1,,0,1,,81700179,,
1,1,,0.028,0.972,,80509449,,
1,1,,0,1,,80931811,,
1,1,,0.002,0.998,,81267088,,
1,1,,0,1,,80462081,,
1,1,,0.166,0.834,,82350988,,
1,1,,0.014,0.986,,82145924,,
1,1,,0.018,0.982,,83182475,,
1,1,,0.006,0.994,,81603398,,
1,1,,0.002,0.998,,80830930,,
1,1,,0.002,0.998,,80229806,,
1,1,,0.016,0.984,,84546510,,
1,1,,0.004,0.996,,83237457,,
1,1,,0.03,0.97,,81880317,,
1,1,,0.038,0.962,,82028613,,
1,1,,0.04,0.96,,82330580,,
1,1,,0.058,0.942,,82143500,,
1,1,,0.048,0.952,,82866943,,
1,1,,0.002,0.998,,84240487,,
1,1,,0.062,0.938,,82771154,,
1,1,,0.002,0.998,,80524016,,
1,1,,0.022,0.978,,81598578,,
1,1,,0.004,0.996,,80604428,,
1,1,,0.032,0.968,,82356147,,
1,1,,0.04,0.96,,81889765,,
1,1,,0.006,0.994,,83536538,,
1,1,,0,1,,80974771,,
1,1,,0.006,0.994,,80697060,,
1,1,,0.026,0.974,,81421698,,
1,1,,0.14,0.86,,84894089,,
1,1,,0.002,0.998,,81111297,,
1,1,,0.002,0.998,,82726951,,
1,1,,0.002,0.998,,80717500,,
1,1,,0,1,,80426533,,
1,1,,0.002,0.998,,81514320,,
1,1,,0.014,0.986,,81550569,,
1,1,,0.002,0.998,,80357473,,
1,1,,0.02,0.98,,90173809,,
1,1,,0,1,,81075098,,
1,1,,0,1,,80776028,,
1,1,,0.004,0.996,,81054941,,
1,1,,0,1,,81181498,,
1,1,,0.03,0.97,,82688050,,
1,1,,0.002,0.998,,82402975,,
1,0,,0.526,0.474,,86785552,,
1,1,,0.02,0.98,,80586603,,
1,1,,0,1,,79972473,,
1,1,,0.002,0.998,,80321937,,
1,1,,0.002,0.998,,80310698,,
1,1,,0,1,,80537992,,
1,1,,0,1,,82630189,,
1,1,,0,1,,80364809,,
1,1,,0.154,0.846,,84495754,,
1,1,,0.004,0.996,,80030101,,
1,1,,0,1,,80204888,,
1,1,,0.044,0.956,,82084329,,
1,1,,0,1,,81664171,,
1,1,,0.006,0.994,,80330404,,
1,1,,0.01,0.99,,81679360,,
1,1,,0,1,,80788382,,
1,1,,0.096,0.904,,81604650,,
1,1,,0.01,0.99,,82859090,,
1,1,,0.02,0.98,,82257222,,
1,1,,0.006,0.994,,80217452,,
1,1,,0.022,0.978,,81913428,,
1,1,,0,1,,80324592,,
1,1,,0.002,0.998,,80208505,,
1,1,,0.01,0.99,,81504381,,
1,1,,0.002,0.998,,82065552,,
1,1,,0,1,,80604057,,
1,1,,0.026,0.974,,81855209,,
1,1,,0,1,,80431702,,
1,1,,0,1,,80542841,,
1,1,,0.018,0.982,,80039889,,
1,1,,0.01,0.99,,80932392,,
1,1,,0.046,0.954,,89111748,,
1,1,,0.018,0.982,,83362883,,
1,1,,0.002,0.998,,81158474,,
1,1,,0.002,0.998,,81032369,,
1,1,,0.022,0.978,,80926149,,
1,1,,0.028,0.972,,82236442,,
1,1,,0.026,0.974,,85761665,,
1,1,,0.008,0.992,,80680418,,
1,1,,0.048,0.952,,83405241,,
1,1,,0.004,0.996,,79965500,,
1,1,,0,1,,80394694,,
1,1,,0.016,0.984,,81076731,,
1,1,,0.012,0.988,,82947585,,
1,1,,0.002,0.998,,81090056,,
1,1,,0.008,0.992,,80223704,,
1,1,,0.002,0.998,,80226489,,
1,1,,0.006,0.994,,80886845,,
1,1,,0,1,,80543102,,
1,1,,0.004,0.996,,86296406,,
1,1,,0,1,,79852378,,
1,1,,0.208,0.792,,87432144,,
1,1,,0.016,0.984,,80751551,,
1,1,,0.006,0.994,,81378415,,
1,1,,0.21,0.79,,84738769,,
1,1,,0.008,0.992,,83922091,,
1,1,,0.004,0.996,,81924910,,
1,1,,0.004,0.996,,81246739,,
1,1,,0.004,0.996,,80884250,,
1,1,,0.018,0.982,,81345395,,
1,1,,0.002,0.998,,80470306,,
1,1,,0,1,,81476039,,
1,1,,0.004,0.996,,89741888,,
1,1,,0.098,0.902,,83171515,,
1,1,,0.002,0.998,,80095584,,
1,1,,0.004,0.996,,80571264,,
1,1,,0,1,,79900348,,
1,1,,0.11,0.89,,84672414,,
1,1,,0.006,0.994,,83644009,,
1,1,,0,1,,80035030,,
1,1,,0.048,0.952,,83284015,,
1,1,,0.002,0.998,,81013563,,
1,1,,0.016,0.984,,81188059,,
1,1,,0.016,0.984,,83653707,,
1,1,,0.012,0.988,,83248979,,
1,1,,0.196,0.804,,81477260,,
1,1,,0,1,,80270641,,
1,1,,0,1,,79755487,,
1,1,,0.014,0.986,,82077124,,
1,1,,0.006,0.994,,81227013,,
1,1,,0.01,0.99,,84067942,,
1,1,,0.008,0.992,,81390860,,
1,1,,0.004,0.996,,80465376,,
1,1,,0,1,,80207832,,
1,1,,0.02,0.98,,81049300,,
1,1,,0,1,,79164850,,
1,1,,0,1,,82233546,,
1,1,,0.022,0.978,,82893023,,
1,1,,0,1,,80419079,,
1,1,,0.002,0.998,,82163245,,
1,1,,0,1,,80640484,,
1,1,,0.006,0.994,,80657927,,
1,1,,0,1,,80651554,,
1,1,,0,1,,82204333,,
1,1,,0.002,0.998,,80549413,,
1,1,,0.002,0.998,,80680919,,
1,1,,0.016,0.984,,80817656,,
1,1,,0,1,,80630134,,
1,1,,0.022,0.978,,81645686,,
1,1,,0.012,0.988,,84727778,,
1,1,,0.048,0.952,,85739484,,
1,1,,0,1,,80100212,,
1,1,,0,1,,80289284,,
1,1,,0,1,,79829445,,
1,1,,0.002,0.998,,80021375,,
1,1,,0.002,0.998,,81180806,,
1,1,,0,1,,80063041,,
1,1,,0,1,,80288335,,
1,1,,0,1,,80446550,,
1,1,,0.006,0.994,,83231617,,
1,1,,0.008,0.992,,80702890,,
1,1,,0.012,0.988,,95541851,,
1,1,,0.006,0.994,,81293237,,
1,1,,0.002,0.998,,80605747,,
1,1,,0,1,,80124938,,
1,1,,0.168,0.832,,89659264,,
1,1,,0.016,0.984,,83197953,,
1,0,,0.678,0.322,,93278272,,
1,1,,0,1,,81283498,,
1,1,,0.004,0.996,,80947118,,
1,1,,0.002,0.998,,80901623,,
1,1,,0,1,,80627959,,
1,1,,0.006,0.994,,80369145,,
1,1,,0.002,0.998,,80309033,,
1,1,,0.002,0.998,,82872333,,
1,1,,0.012,0.988,,81025225,,
1,1,,0,1,,80226087,,
1,1,,0.004,0.996,,81351917,,
1,1,,0.002,0.998,,80709822,,
1,1,,0.016,0.984,,80925257,,
1,1,,0.002,0.998,,86665516,,
1,1,,0,1,,80501885,,
1,1,,0.018,0.982,,80484031,,
1,1,,0.014,0.986,,81144487,,
1,1,,0.002,0.998,,80583217,,
1,1,,0,1,,81010034,,
1,1,,0.01,0.99,,83206910,,
1,1,,0.128,0.872,,83514075,,
1,1,,0,1,,81074537,,
1,1,,0,1,,80652035,,
1,1,,0,1,,80642947,,
1,1,,0,1,,81349421,,
1,1,,0.02,0.98,,83600597,,
1,1,,0.002,0.998,,80287272,,
1,1,,0,1,,80835619,,
1,1,,0.008,0.992,,80511831,,
1,1,,0,1,,81175175,,
1,1,,0.002,0.998,,80782951,,
1,1,,0.008,0.992,,81264692,,
1,1,,0,1,,82627384,,
1,0,,0.51,0.49,,86368230,,
1,1,,0.002,0.998,,80652535,,
1,1,,0.002,0.998,,80162097,,
1,1,,0.002,0.998,,81086619,,
1,1,,0.016,0.984,,81860949,,
1,1,,0.002,0.998,,84130650,,
1,1,,0.004,0.996,,80050096,,
1,1,,0.002,0.998,,80367202,,
1,1,,0,1,,80706156,,
1,1,,0,1,,80861107,,
1,1,,0.038,0.962,,84787519,,
1,1,,0.002,0.998,,81730275,,
1,1,,0.034,0.966,,84011176,,
1,1,,0.174,0.826,,86305492,,
1,1,,0.048,0.952,,81472482,,
1,1,,0,1,,80759126,,
1,1,,0,1,,80504437,,
1,1,,0,1,,82203831,,
1,1,,0,1,,80463733,,
1,1,,0,1,,80346311,,
1,1,,0.012,0.988,,80887717,,
1,1,,0.064,0.936,,82614590,,
1,1,,0.012,0.988,,80621426,,
1,1,,0.012,0.988,,81714826,,
1,1,,0,1,,82594282,,
1,1,,0.002,0.998,,80638889,,
1,1,,0.002,0.998,,80701288,,
1,1,,0.004,0.996,,80169722,,
1,1,,0.084,0.916,,84784813,,
1,1,,0.004,0.996,,80852471,,
1,1,,0,1,,82796110,,
1,1,,0,1,,81129910,,
1,1,,0.004,0.996,,80466037,,
1,1,,0,1,,80927790,,
1,1,,0.004,0.996,,80885442,,
1,1,,0.002,0.998,,80151398,,
1,1,,0.034,0.966,,82431978,,
1,1,,0.002,0.998,,80702810,,
1,1,,0.002,0.998,,80230885,,
1,1,,0.002,0.998,,79907811,,
1,1,,0.004,0.996,,81248781,,
1,1,,0,1,,81082812,,
1,1,,0.008,0.992,,82932145,,
1,1,,0,1,,80661442,,
1,1,,0.028,0.972,,85965436,,
1,1,,0,1,,80867659,,
1,1,,0.012,0.988,,81351223,,
1,1,,0.002,0.998,,80049938,,
1,1,,0.008,0.992,,80901020,,
1,1,,0,1,,82368550,,
1,1,,0.02,0.98,,82471642,,
1,1,,0.002,0.998,,80366480,,
1,1,,0,1,,81046394,,
1,1,,0.132,0.868,,85645256,,
1,1,,0.002,0.998,,81191374,,
1,1,,0.002,0.998,,82226274,,
1,1,,0.044,0.956,,82088325,,
1,1,,0.044,0.956,,80959841,,
1,1,,0.002,0.998,,80283454,,
1,1,,0.05,0.95,,82667790,,
1,1,,0.02,0.98,,83505589,,
1,1,,0.006,0.994,,82739052,,
1,1,,0.002,0.998,,80515610,,
1,1,,0.004,0.996,,80496253,,
1,1,,0,1,,80547438,,
1,1,,0.002,0.998,,80701868,,
1,1,,0,1,,80291540,,
1,1,,0.01,0.99,,83310933,,
1,1,,0,1,,80627329,,
1,1,,0.002,0.998,,81164874,,
1,1,,0.196,0.804,,85737559,,
1,1,,0.004,0.996,,81393223,,
1,1,,0.002,0.998,,81313473,,
1,1,,0,1,,90312065,,
1,1,,0.024,0.976,,82536334,,
1,1,,0.002,0.998,,81525972,,
1,1,,0.142,0.858,,83386634,,
1,1,,0.034,0.966,,83245532,,
1,1,,0.01,0.99,,83968725,,
1,1,,0.01,0.99,,81235036,,
1,1,,0.006,0.994,,83355537,,
1,1,,0.004,0.996,,81905051,,
1,1,,0.004,0.996,,80651934,,
1,1,,0,1,,79875190,,
1,1,,0.002,0.998,,80749015,,
1,1,,0,1,,80352414,,
1,0,,0.582,0.418,,91396857,,
1,1,,0.004,0.996,,80394120,,
1,1,,0,1,,80869262,,
1,1,,0.012,0.988,,80123395,,
1,1,,0.002,0.998,,81941739,,
1,1,,0.022,0.978,,81849267,,
1,1,,0,1,,82553766,,
1,1,,0,1,,81161479,,
1,1,,0.056,0.944,,82737560,,
1,1,,0.002,0.998,,80503156,,
1,1,,0.084,0.916,,85179152,,
1,1,,0,1,,80575672,,
1,1,,0.008,0.992,,83089708,,
1,1,,0.002,0.998,,80915579,,
1,1,,0.01,0.99,,81670631,,
1,1,,0.08,0.92,,84590039,,
1,1,,0.002,0.998,,80584128,,
1,1,,0.076,0.924,,81928133,,
1,1,,0,1,,81784475,,
1,1,,0.014,0.986,,81523326,,
1,1,,0.092,0.908,,84927271,,
1,1,,0.01,0.99,,81568880,,
1,1,,0.002,0.998,,79716932,,
1,1,,0.008,0.992,,82041397,,
1,1,,0.002,0.998,,80123264,,
1,1,,0.022,0.978,,83151023,,
1,1,,0.004,0.996,,80492487,,
1,1,,0.058,0.942,,82209691,,
1,1,,0,1,,80686818,,
1,1,,0.006,0.994,,80793240,,
1,1,,0.004,0.996,,81947811,,
1,1,,0,1,,82216814,,
1,1,,0.002,0.998,,80496592,,
1,1,,0.002,0.998,,80419460,,
1,1,,0,1,,80381377,,
1,1,,0.008,0.992,,80735309,,
1,1,,0.004,0.996,,80539845,,
1,1,,0,1,,82593040,,
1,1,,0,1,,80671370,,
1,1,,0.012,0.988,,83903653,,
1,1,,0.022,0.978,,85285873,,
1,1,,0.06,0.94,,83332885,,
1,1,,0.014,0.986,,81064196,,
1,1,,0.006,0.994,,88546017,,
1,1,,0,1,,81483100,,
1,1,,0.012,0.988,,82474928,,
1,1,,0.01,0.99,,82350677,,
1,1,,0.026,0.974,,85587526,,
1,1,,0,1,,81992005,,
1,1,,0.018,0.982,,82850721,,
1,1,,0.004,0.996,,81742206,,
1,1,,0.01,0.99,,81272887,,
1,1,,0,1,,80840828,,
1,1,,0.002,0.998,,80451898,,
1,1,,0,1,,80935905,,
1,1,,0,1,,80845556,,
1,1,,0.002,0.998,,85691623,,
1,1,,0.008,0.992,,84215246,,
1,1,,0.006,0.994,,82324727,,
1,1,,0.004,0.996,,81327499,,
1,1,,0,1,,81648901,,
1,1,,0,1,,81806456,,
1,1,,0,1,,83022534,,
1,1,,0.012,0.988,,82002173,,
1,1,,0,1,,81162520,,
1,1,,0,1,,81610469,,
1,1,,0.004,0.996,,81392471,,
1,1,,0.002,0.998,,81070868,,
1,1,,0,1,,88416686,,
1,1,,0,1,,81954363,,
1,1,,0,1,,81798922,,
1,1,,0.004,0.996,,81481607,,
1,1,,0.004,0.996,,81719112,,
1,1,,0.018,0.982,,81800484,,
1,1,,0.006,0.994,,80913996,,
1,1,,0.014,0.986,,83065163,,
1,1,,0,1,,81623633,,
1,1,,0.042,0.958,,83674333,,
1,1,,0.138,0.862,,83105599,,
1,1,,0.002,0.998,,81317841,,
1,1,,0.004,0.996,,81528655,,
1,1,,0,1,,83193543,,
1,1,,0.006,0.994,,80819216,,
1,1,,0.018,0.982,,82266357,,
1,1,,0.002,0.998,,80825599,,
1,1,,0.036,0.964,,85780678,,
1,1,,0,1,,81741324,,
1,1,,0,1,,83566812,,
1,1,,0.008,0.992,,84156428,,
1,1,,0.006,0.994,,81348097,,
1,1,,0.014,0.986,,81907234,,
1,1,,0,1,,81311108,,
1,1,,0.108,0.892,,84784433,,
1,1,,0.004,0.996,,82748781,,
1,1,,0,1,,81285048,,
1,1,,0.026,0.974,,83904405,,
1,1,,0.002,0.998,,81704735,,
1,1,,0,1,,81270051,,
1,1,,0.032,0.968,,84017135,,
1,1,,0,1,,82583461,,
1,1,,0.002,0.998,,81353418,,
1,1,,0.048,0.952,,83497933,,
1,1,,0.002,0.998,,81166818,,
1,1,,0.004,0.996,,81606281,,
1,1,,0.002,0.998,,81691521,,
1,1,,0.002,0.998,,81348448,,
1,1,,0.01,0.99,,83116339,,
1,1,,0.002,0.998,,81559904,,
1,1,,0,1,,80842280,,
1,1,,0.014,0.986,,81595010,,
1,1,,0,1,,80936156,,
1,1,,0.004,0.996,,80787597,,
1,1,,0.004,0.996,,83072766,,
1,1,,0.008,0.992,,81657887,,
1,1,,0,1,,81070969,,
1,1,,0.014,0.986,,82332470,,
1,1,,0,1,,81296571,,
1,1,,0,1,,80815019,,
1,1,,0.008,0.992,,84210068,,
1,1,,0.004,0.996,,81341826,,
1,1,,0.02,0.98,,81445849,,
1,1,,0.008,0.992,,81880926,,
1,1,,0,1,,81491024,,
1,1,,0.002,0.998,,81704495,,
1,1,,0.018,0.982,,84258186,,
1,1,,0.072,0.928,,85773265,,
1,1,,0.004,0.996,,81184811,,
1,1,,0.004,0.996,,81236057,,
1,1,,0.002,0.998,,80556594,,
1,1,,0,1,,80048704,,
1,1,,0.006,0.994,,81534295,,
1,1,,0.006,0.994,,85386551,,
1,1,,0.006,0.994,,81299495,,
1,1,,0,1,,80835688,,
1,1,,0.27,0.73,,85180273,,
1,1,,0.004,0.996,,81443165,,
1,1,,0,1,,80890761,,
1,1,,0.034,0.966,,86799716,,
1,1,,0.008,0.992,,81752465,,
1,1,,0.004,0.996,,80364025,,
1,1,,0,1,,80092594,,
1,1,,0.002,0.998,,81243732,,
1,1,,0,1,,81120350,,
1,1,,0.012,0.988,,91926659,,
1,1,,0.046,0.954,,84224333,,
1,1,,0,1,,80770866,,
1,1,,0.002,0.998,,80208774,,
1,1,,0,1,,81427436,,
1,1,,0.002,0.998,,80763912,,
1,1,,0.004,0.996,,83205615,,
1,1,,0,1,,81914216,,
1,1,,0,1,,81760731,,
1,1,,0.002,0.998,,81932651,,
1,1,,0.024,0.976,,81548713,,
1,1,,0,1,,80576633,,
1,1,,0.002,0.998,,80897041,,
1,1,,0.058,0.942,,86235030,,
1,1,,0.02,0.98,,83956041,,
1,1,,0.048,0.952,,82241099,,
1,1,,0.004,0.996,,81206692,,
1,1,,0,1,,81481526,,
1,1,,0.012,0.988,,82114582,,
1,1,,0.038,0.962,,84425019,,
1,1,,0,1,,81219978,,
1,1,,0.008,0.992,,83258714,,
1,1,,0.016,0.984,,82566789,,
1,1,,0.048,0.952,,83204914,,
1,1,,0,1,,80624061,,
1,1,,0,1,,83394289,,
1,1,,0.008,0.992,,81125420,,
1,1,,0.028,0.972,,83247243,,
1,1,,0,1,,81295167,,
1,1,,0,1,,81106365,,
1,1,,0.422,0.578,,85462271,,
1,1,,0.008,0.992,,83720139,,
1,1,,0.008,0.992,,81092589,,
1,1,,0,1,,81122695,,
1,1,,0,1,,81079703,,
1,1,,0,1,,81146759,,
1,1,,0,1,,81951558,,
1,1,,0.002,0.998,,80760645,,
1,1,,0.012,0.988,,84046250,,
1,1,,0.032,0.968,,82315618,,
1,1,,0.014,0.986,,81305657,,
1,1,,0.006,0.994,,81146330,,
1,1,,0,1,,81640614,,
1,1,,0,1,,81357232,,
1,1,,0.002,0.998,,91373061,,
1,1,,0.166,0.834,,88375357,,
1,1,,0,1,,81487869,,
1,1,,0.01,0.99,,81460027,,
1,1,,0.016,0.984,,82343841,,
1,1,,0.004,0.996,,80866835,,
1,1,,0.01,0.99,,83229981,,
1,1,,0,1,,81040290,,
1,1,,0.01,0.99,,82459648,,
1,1,,0.386,0.614,,89494813,,
1,1,,0.038,0.962,,82870227,,
1,1,,0.008,0.992,,81328560,,
1,1,,0.01,0.99,,84472768,,
1,1,,0.002,0.998,,81265552,,
1,1,,0.02,0.98,,82591154,,
1,1,,0,1,,81809580,,
1,1,,0,1,,82180125,,
1,1,,0,1,,81689857,,
1,1,,0.006,0.994,,84027363,,
1,1,,0,1,,81970833,,
1,1,,0.06,0.94,,88657386,,
1,1,,0,1,,81759036,,
1,1,,0.022,0.978,,81969039,,
1,1,,0.008,0.992,,81718910,,
1,1,,0.002,0.998,,81105242,,
1,1,,0.006,0.994,,85139486,,
1,1,,0.002,0.998,,81157069,,
1,1,,0.006,0.994,,81829468,,
1,1,,0,1,,80963365,,
1,1,,0.004,0.996,,82246528,,
1,1,,0,1,,81706727,,
1,1,,0.002,0.998,,89902688,,
1,1,,0.082,0.918,,83947544,,
1,1,,0,1,,81471898,,
1,1,,0.004,0.996,,81403200,,
1,1,,0.004,0.996,,81336894,,
1,1,,0.01,0.99,,81606731,,
1,1,,0,1,,88301548,,
1,1,,0.054,0.946,,84450447,,
1,1,,0.028,0.972,,82429402,,
1,1,,0.002,0.998,,82118940,,
1,1,,0.006,0.994,,81802769,,
1,1,,0.008,0.992,,81795053,,
1,1,,0.012,0.988,,88322328,,
1,1,,0,1,,81263036,,
1,1,,0,1,,81060979,,
1,1,,0.016,0.984,,82305960,,
1,1,,0,1,,81043276,,
1,1,,0.022,0.978,,82058997,,
1,1,,0.002,0.998,,80629822,,
1,1,,0.008,0.992,,85702450,,
1,1,,0,1,,81251876,,
1,1,,0.01,0.99,,81188969,,
1,1,,0.026,0.974,,82670501,,
1,1,,0,1,,80814788,,
1,1,,0.006,0.994,,81483138,,
1,1,,0.012,0.988,,84065115,,
1,1,,0.024,0.976,,82097931,,
1,1,,0.172,0.828,,86434893,,
1,1,,0.028,0.972,,81601961,,
1,1,,0.006,0.994,,81478420,,
1,1,,0.018,0.982,,82543635,,
1,1,,0.12,0.88,,84977173,,
1,1,,0.098,0.902,,82513690,,
1,1,,0.002,0.998,,81199256,,
1,1,,0.006,0.994,,84485863,,
1,1,,0.002,0.998,,81098418,,
1,1,,0.008,0.992,,83565449,,
1,1,,0.068,0.932,,91249588,,
1,1,,0.004,0.996,,81319513,,
1,1,,0.012,0.988,,80835997,,
1,1,,0.002,0.998,,81351994,,
1,1,,0.03,0.97,,81047343,,
1,1,,0,1,,80784119,,
1,1,,0.008,0.992,,82610912,,
1,1,,0,1,,82242480,,
1,1,,0,1,,81626458,,
1,1,,0.142,0.858,,89780949,,
1,1,,0.002,0.998,,81469803,,
1,1,,0,1,,80941866,,
1,1,,0.006,0.994,,81240174,,
1,1,,0,1,,82169095,,
1,1,,0.002,0.998,,81587654,,
1,1,,0.024,0.976,,82479043,,
1,1,,0,1,,82529419,,
1,1,,0,1,,81723088,,
1,1,,0.006,0.994,,82675011,,
1,1,,0.002,0.998,,83334406,,
1,1,,0,1,,81492226,,
1,1,,0.004,0.996,,81282943,,
1,1,,0,1,,81409131,,
1,1,,0.022,0.978,,82096316,,
1,1,,0.002,0.998,,82090337,,
1,1,,0.002,0.998,,86380149,,
1,1,,0.016,0.984,,81923183,,
1,1,,0.026,0.974,,82347236,,
1,1,,0.002,0.998,,80749325,,
1,1,,0,1,,80593803,,
1,1,,0,1,,81213763,,
1,1,,0,1,,83711563,,
1,1,,0.002,0.998,,80946694,,
1,1,,0.012,0.988,,81481405,,
1,1,,0.01,0.99,,82069238,,
1,1,,0,1,,80773900,,
1,1,,0.034,0.966,,82062012,,
1,1,,0,1,,81036272,,
1,1,,0.012,0.988,,89239806,,
1,1,,0.002,0.998,,82355011,,
1,1,,0.012,0.988,,83822860,,
1,1,,0,1,,82275935,,
1,1,,0,1,,81674206,,
1,1,,0,1,,82701902,,
1,1,,0,1,,83372156,,
1,1,,0.018,0.982,,90219520,,
1,1,,0.012,0.988,,84560683,,
1,1,,0.162,0.838,,90716841,,
1,1,,0.22,0.78,,93205200,,
1,1,,0,1,,83826088,,
1,1,,0,1,,86175165,,
1,1,,0.004,0.996,,84040149,,
1,1,,0.002,0.998,,83697555,,
1,1,,0.014,0.986,,82855440,,
1,1,,0.026,0.974,,84264567,,
1,1,,0.046,0.954,,93222405,,
1,1,,0,1,,83846293,,
1,1,,0.004,0.996,,82270985,,
1,1,,0.012,0.988,,82369659,,
1,1,,0,1,,81584708,,
1,1,,0.006,0.994,,82735213,,
1,1,,0.004,0.996,,81720814,,
1,1,,0.008,0.992,,84589586,,
1,1,,0.002,0.998,,83092021,,
1,1,,0.002,0.998,,81579269,,
1,1,,0,1,,82033438,,
1,1,,0,1,,81572405,,
1,1,,0,1,,81286740,,
1,1,,0.012,0.988,,81827463,,
1,1,,0,1,,83334345,,
1,1,,0,1,,82020534,,
1,1,,0.002,0.998,,81763604,,
1,1,,0.028,0.972,,84614614,,
1,1,,0,1,,81450176,,
1,1,,0,1,,81375467,,
1,1,,0.002,0.998,,83825215,,
1,1,,0.008,0.992,,81998503,,
1,1,,0.002,0.998,,82454037,,
1,1,,0.018,0.982,,82274640,,
1,1,,0.002,0.998,,81904989,,
1,1,,0,1,,82043218,,
1,1,,0.172,0.828,,90488834,,
1,1,,0,1,,82149145,,
1,1,,0.016,0.984,,85022156,,
1,1,,0.004,0.996,,81782710,,
1,1,,0,1,,89220849,,
1,1,,0,1,,80623759,,
1,1,,0.078,0.922,,86009576,,
1,1,,0,1,,83256870,,
1,1,,0,1,,81265811,,
1,1,,0.008,0.992,,83592569,,
1,1,,0.056,0.944,,84085642,,
1,1,,0.002,0.998,,82923676,,
1,1,,0.016,0.984,,89527954,,
1,1,,0.01,0.99,,90580505,,
1,1,,0.018,0.982,,83083485,,
1,1,,0,1,,81345381,,
1,1,,0.004,0.996,,81672652,,
1,1,,0.014,0.986,,84654218,,
1,1,,0,1,,81335272,,
1,1,,0.036,0.964,,87460231,,
1,1,,0,1,,80576331,,
1,1,,0.01,0.99,,81761650,,
1,1,,0.08,0.92,,85816323,,
1,1,,0.01,0.99,,83183693,,
1,1,,0.284,0.716,,90485367,,
1,1,,0.346,0.654,,99887396,,
1,1,,0.008,0.992,,81770256,,
1,1,,0.004,0.996,,88223331,,
1,1,,0.008,0.992,,80820167,,
1,1,,0,1,,79841854,,
1,1,,0.014,0.986,,80628618,,
1,1,,0.004,0.996,,82321337,,
1,1,,0,1,,79848306,,
1,1,,0.086,0.914,,80922328,,
1,1,,0,1,,79352157,,
1,1,,0,1,,79399165,,
1,1,,0.018,0.982,,79645266,,
1,1,,0.002,0.998,,79325568,,
1,1,,0.012,0.988,,82988557,,
1,1,,0.042,0.958,,81833825,,
1,1,,0.006,0.994,,80424987,,
1,1,,0,1,,85413739,,
1,1,,0.002,0.998,,81455145,,
1,1,,0.002,0.998,,81498417,,
1,1,,0.004,0.996,,89998315,,
1,1,,0,1,,85505611,,
1,1,,0,1,,83863706,,
1,1,,0,1,,83613309,,
1,1,,0.008,0.992,,84761958,,
1,1,,0.04,0.96,,84655819,,
1,1,,0.006,0.994,,87961241,,
1,1,,0,1,,81147429,,
1,1,,0.002,0.998,,83311132,,
1,1,,0,1,,81428205,,
1,1,,0,1,,81394562,,
1,1,,0.1,0.9,,83602868,,
1,1,,0.004,0.996,,83295573,,
1,1,,0.012,0.988,,82285972,,
1,1,,0.004,0.996,,82201072,,
1,1,,0.03,0.97,,83205935,,
1,1,,0.01,0.99,,81992652,,
1,1,,0.016,0.984,,79910694,,
1,1,,0.002,0.998,,83873985,,
1,1,,0.002,0.998,,81799671,,
1,1,,0,1,,81003760,,
1,1,,0.004,0.996,,81756941,,
1,1,,0.012,0.988,,81541928,,
1,1,,0.002,0.998,,81262155,,
1,1,,0.012,0.988,,81805281,,
1,1,,0.014,0.986,,85220868,,
1,1,,0.03,0.97,,84124164,,
1,1,,0.234,0.766,,91245781,,
1,1,,0.03,0.97,,83291464,,
1,1,,0,1,,81029069,,
1,1,,0.004,0.996,,81475332,,
1,1,,0.004,0.996,,82642408,,
1,1,,0,1,,81272434,,
1,1,,0.004,0.996,,80881732,,
1,1,,0.024,0.976,,83960929,,
1,1,,0.002,0.998,,81291729,,
1,1,,0.016,0.984,,81377771,,
1,1,,0.006,0.994,,83047387,,
1,1,,0,1,,81288263,,
1,1,,0.008,0.992,,81502294,,
1,1,,0.008,0.992,,81668474,,
1,1,,0.002,0.998,,81590530,,
1,1,,0,1,,81396787,,
1,1,,0.006,0.994,,89937091,,
1,1,,0,1,,80786613,,
1,1,,0.006,0.994,,81725993,,
1,1,,0.004,0.996,,83369601,,
1,1,,0.062,0.938,,84951584,,
1,1,,0.03,0.97,,84022914,,
1,1,,0,1,,81619313,,
1,1,,0,1,,82971686,,
1,1,,0,1,,81212591,,
1,1,,0.012,0.988,,82009203,,
1,1,,0.006,0.994,,81319330,,
1,1,,0,1,,81203084,,
1,1,,0.008,0.992,,81911549,,
1,1,,0.01,0.99,,83830694,,
1,1,,0.004,0.996,,81402738,,
1,1,,0,1,,81071748,,
1,1,,0,1,,81579138,,
1,1,,0.038,0.962,,82383693,,
1,1,,0,1,,80789930,,
1,1,,0,1,,82774436,,
1,1,,0,1,,81381367,,
1,1,,0.002,0.998,,81271981,,
1,1,,0.004,0.996,,81599446,,
1,1,,0.002,0.998,,81486996,,
1,1,,0.118,0.882,,86056142,,
1,1,,0,1,,83195164,,
1,1,,0.002,0.998,,80521137,,
1,1,,0.004,0.996,,81057250,,
1,1,,0.308,0.692,,89570263,,
1,1,,0.022,0.978,,81893286,,
1,1,,0.032,0.968,,86016589,,
1,1,,0.008,0.992,,84479429,,
1,1,,0.002,0.998,,81234090,,
1,1,,0.004,0.996,,80728125,,
1,1,,0,1,,80665667,,
1,1,,0.004,0.996,,80855622,,
1,1,,0.024,0.976,,83339234,,
1,1,,0.002,0.998,,80500558,,
1,1,,0,1,,82270272,,
1,1,,0,1,,80548537,,
1,1,,0.002,0.998,,83050202,,
1,1,,0.004,0.996,,80756858,,
1,1,,0.038,0.962,,83232413,,
1,1,,0,1,,80847336,,
1,1,,0.002,0.998,,82509540,,
1,1,,0.002,0.998,,81348284,,
1,0,,0.81,0.19,,90360412,,
1,1,,0.014,0.986,,80817170,,
1,1,,0.004,0.996,,80771384,,
1,1,,0,1,,81148452,,
1,1,,0,1,,82304305,,
1,1,,0.028,0.972,,85270601,,
1,1,,0,1,,81292400,,
1,1,,0.036,0.964,,81917842,,
1,1,,0.008,0.992,,81147367,,
1,1,,0,1,,80106651,,
1,1,,0.004,0.996,,82858533,,
1,1,,0,1,,80501960,,
1,1,,0.002,0.998,,80890409,,
1,1,,0.004,0.996,,80878795,,
1,1,,0.002,0.998,,81118885,,
1,1,,0.004,0.996,,80539461,,
1,1,,0.002,0.998,,80157484,,
1,1,,0,1,,82984569,,
1,1,,0.006,0.994,,81000082,,
1,1,,0.046,0.954,,83976307,,
1,1,,0.016,0.984,,81791506,,
1,1,,0.002,0.998,,81297118,,
1,1,,0,1,,81053664,,
1,1,,0,1,,82314283,,
1,1,,0.002,0.998,,81250051,,
1,1,,0,1,,80683600,,
1,1,,0,1,,81288362,,
1,1,,0.032,0.968,,81882055,,
1,1,,0,1,,81133892,,
1,1,,0.006,0.994,,83195785,,
1,1,,0,1,,81402687,,
1,1,,0,1,,81613019,,
1,1,,0.002,0.998,,80808414,,
1,1,,0.038,0.962,,87071894,,
1,1,,0.002,0.998,,81189346,,
1,1,,0.002,0.998,,82094012,,
1,1,,0.05,0.95,,81153499,,
1,1,,0.026,0.974,,85082438,,
1,1,,0.002,0.998,,81158470,,
1,1,,0,1,,80239277,,
1,1,,0.014,0.986,,81613642,,
1,1,,0.006,0.994,,81027463,,
1,1,,0,1,,82783273,,
1,1,,0.002,0.998,,81011533,,
1,1,,0.018,0.982,,81296329,,
1,1,,0.006,0.994,,81101201,,
1,1,,0.01,0.99,,81148842,,
1,1,,0.004,0.996,,80375824,,
1,1,,0,1,,83390420,,
1,1,,0.046,0.954,,82991762,,
1,1,,0.006,0.994,,82719243,,
1,1,,0,1,,81021502,,
1,1,,0.018,0.982,,84584184,,
1,1,,0.004,0.996,,81527371,,
1,1,,0,1,,83200663,,
1,1,,0,1,,81004051,,
1,1,,0,1,,81388209,,
1,1,,0.002,0.998,,80643244,,
1,1,,0.004,0.996,,80416780,,
1,1,,0,1,,80351668,,
1,1,,0.002,0.998,,82453796,,
1,1,,0.002,0.998,,80698227,,
1,1,,0.002,0.998,,81254900,,
1,1,,0,1,,80466533,,
1,1,,0,1,,80213900,,
1,1,,0.012,0.988,,81150535,,
1,1,,0.018,0.982,,82042554,,
1,1,,0.004,0.996,,82868121,,
1,1,,0.02,0.98,,83061682,,
1,1,,0.002,0.998,,80491361,,
1,1,,0.004,0.996,,80952473,,
1,1,,0.004,0.996,,81131400,,
1,1,,0.006,0.994,,81443192,,
1,1,,0,1,,83585743,,
1,1,,0.002,0.998,,81775235,,
1,1,,0,1,,80762316,,
1,1,,0.002,0.998,,80529532,,
1,1,,0.034,0.966,,81671439,,
1,1,,0.002,0.998,,81883127,,
1,1,,0.004,0.996,,85844624,,
1,1,,0,1,,81076576,,
1,1,,0.002,0.998,,80972822,,
1,1,,0,1,,81000853,,
1,1,,0,1,,80945210,,
1,1,,0.038,0.962,,85746992,,
1,1,,0,1,,83158465,,
1,1,,0.068,0.932,,82091135,,
1,1,,0.002,0.998,,81778981,,
1,1,,0.006,0.994,,82261775,,
1,1,,0,1,,80739774,,
1,1,,0,1,,80671909,,
1,1,,0.004,0.996,,81436770,,
1,1,,0.002,0.998,,83232744,,
1,1,,0.048,0.952,,82689646,,
1,1,,0.002,0.998,,80829964,,
1,1,,0.002,0.998,,80582871,,
1,1,,0.068,0.932,,82187296,,
1,1,,0,1,,81343625,,
1,1,,0,1,,82855166,,
1,1,,0.008,0.992,,81287502,,
1,1,,0.014,0.986,,81480501,,
1,1,,0.004,0.996,,81804989,,
1,1,,0.014,0.986,,84901248,,
1,1,,0.104,0.896,,84192761,,
1,1,,0,1,,82982676,,
1,1,,0,1,,81865172,,
1,1,,0.004,0.996,,80682328,,
1,1,,0.032,0.968,,83783724,,
1,1,,0.002,0.998,,80788716,,
1,1,,0.032,0.968,,82826023,,
1,1,,0,1,,82661393,,
1,1,,0.038,0.962,,82195099,,
1,1,,0,1,,81222060,,
1,1,,0,1,,80922256,,
1,1,,0.002,0.998,,80787714,,
1,1,,0,1,,80989602,,
1,1,,0,1,,81564720,,
1,1,,0.006,0.994,,82495493,,
1,1,,0,1,,81502332,,
1,1,,0.108,0.892,,83776712,,
1,1,,0.004,0.996,,80898423,,
1,1,,0.002,0.998,,80188832,,
1,1,,0.002,0.998,,80738302,,
1,1,,0,1,,82529867,,
1,1,,0.006,0.994,,80777515,,
1,1,,0.16,0.84,,88656520,,
1,1,,0.006,0.994,,82197926,,
1,1,,0.002,0.998,,81167205,,
1,1,,0.002,0.998,,80648955,,
1,1,,0,1,,83015826,,
1,1,,0.002,0.998,,80490709,,
1,1,,0,1,,80480549,,
1,1,,0.004,0.996,,81099829,,
1,1,,0,1,,80023994,,
1,1,,0.002,0.998,,82833555,,
1,1,,0.002,0.998,,88106932,,
1,1,,0.042,0.958,,83731206,,
1,1,,0.01,0.99,,82659110,,
1,1,,0.11,0.89,,83787192,,
1,1,,0,1,,81686497,,
1,1,,0,1,,81764243,,
1,1,,0.018,0.982,,85092256,,
1,1,,0.002,0.998,,82418468,,
1,1,,0.062,0.938,,84404888,,
1,1,,0,1,,82131962,,
1,1,,0.118,0.882,,89759886,,
1,1,,0.006,0.994,,82126742,,
1,1,,0,1,,82079945,,
1,1,,0,1,,90663510,,
1,1,,0.002,0.998,,82041352,,
1,1,,0.008,0.992,,82318411,,
1,1,,0.068,0.932,,85770516,,
1,1,,0.002,0.998,,82138254,,
1,1,,0,1,,81826559,,
1,1,,0.002,0.998,,83361604,,
1,1,,0,1,,82014491,,
1,1,,0.018,0.982,,82456409,,
1,1,,0,1,,81182584,,
1,1,,0,1,,81094691,,
1,1,,0.002,0.998,,80856443,,
1,1,,0.006,0.994,,84364842,,
1,1,,0.018,0.982,,85092405,,
1,1,,0,1,,82926339,,
1,1,,0.004,0.996,,82094833,,
1,1,,0.01,0.99,,81271640,,
1,1,,0,1,,81883596,,
1,1,,0.012,0.988,,87064699,,
1,1,,0.004,0.996,,82005985,,
1,1,,0.006,0.994,,83261567,,
1,1,,0.046,0.954,,85259970,,
1,1,,0.004,0.996,,86362094,,
1,1,,0.096,0.904,,83515402,,
1,1,,0.006,0.994,,89647896,,
1,1,,0.004,0.996,,84196018,,
1,1,,0,1,,81792867,,
1,1,,0.002,0.998,,81265820,,
1,1,,0.002,0.998,,81652524,,
1,1,,0,1,,80586527,,
1,1,,0.002,0.998,,80835083,,
1,1,,0.012,0.988,,85738646,,
1,1,,0.002,0.998,,81901861,,
1,1,,0.044,0.956,,84031168,,
1,1,,0,1,,81659206,,
1,1,,0.002,0.998,,81651852,,
1,1,,0.146,0.854,,88864790,,
1,1,,0,1,,83217564,,
1,1,,0,1,,81513703,,
1,1,,0.004,0.996,,81701516,,
1,1,,0.312,0.688,,89652827,,
1,1,,0.014,0.986,,82836351,,
1,1,,0.006,0.994,,82317299,,
1,1,,0.004,0.996,,83681112,,
1,1,,0.044,0.956,,85152538,,
1,1,,0.264,0.736,,88113153,,
1,1,,0,1,,81416622,,
1,1,,0.06,0.94,,82718860,,
1,1,,0.006,0.994,,82272174,,
1,1,,0.014,0.986,,87530731,,
1,1,,0,1,,81377619,,
1,1,,0,1,,82758546,,
1,1,,0.006,0.994,,81475781,,
1,1,,0,1,,81061687,,
1,1,,0.05,0.95,,85060747,,
1,1,,0.02,0.98,,84463848,,
1,1,,0,1,,81538570,,
1,1,,0.04,0.96,,82074553,,
1,1,,0.016,0.984,,86217603,,
1,1,,0.008,0.992,,83945367,,
1,1,,0,1,,81240702,,
1,1,,0,1,,81173567,,
1,1,,0.038,0.962,,83722920,,
1,1,,0,1,,80893913,,
1,1,,0.006,0.994,,90620127,,
1,1,,0.106,0.894,,85954671,,
1,1,,0.002,0.998,,81285685,,
1,1,,0,1,,81497132,,
1,1,,0,1,,83558433,,
1,1,,0.004,0.996,,81789720,,
1,1,,0,1,,81686397,,
1,1,,0.006,0.994,,81751359,,
1,1,,0,1,,81544932,,
1,1,,0.008,0.992,,82091536,,
1,1,,0.006,0.994,,88320359,,
1,1,,0.002,0.998,,81488497,,
1,1,,0.08,0.92,,85596300,,
1,1,,0.004,0.996,,82329761,,
1,1,,0,1,,81950441,,
1,1,,0.008,0.992,,83730124,,
1,1,,0.016,0.984,,83766503,,
1,1,,0.002,0.998,,81699501,,
1,1,,0.02,0.98,,84609070,,
1,1,,0.002,0.998,,81529112,,
1,1,,0.002,0.998,,82559492,,
1,1,,0.014,0.986,,82079804,,
1,1,,0,1,,82866807,,
1,1,,0,1,,81693490,,
1,1,,0.014,0.986,,82049917,,
1,1,,0.002,0.998,,81474660,,
1,1,,0.002,0.998,,81805790,,
1,1,,0,1,,81464200,,
1,1,,0.002,0.998,,81553588,,
1,1,,0.002,0.998,,88758801,,
1,1,,0.072,0.928,,86140879,,
1,1,,0.002,0.998,,81778458,,
1,1,,0,1,,81947646,,
1,1,,0.004,0.996,,82820892,,
1,1,,0.002,0.998,,81735118,,
1,1,,0.022,0.978,,84391022,,
1,1,,0.142,0.858,,89053694,,
1,1,,0,1,,81320512,,
1,1,,0.004,0.996,,80570327,,
1,1,,0,1,,81105439,,
1,1,,0,1,,81730077,,
1,1,,0,1,,83403562,,
1,1,,0.01,0.99,,82131821,,
1,1,,0.006,0.994,,81771095,,
1,1,,0.008,0.992,,82255482,,
1,1,,0.006,0.994,,89500319,,
1,1,,0,1,,80814234,,
1,1,,0,1,,82369826,,
1,1,,0,1,,80716629,,
1,1,,0,1,,80813482,,
1,1,,0,1,,81070613,,
1,1,,0.002,0.998,,80898310,,
1,1,,0,1,,80179094,,
1,1,,0.002,0.998,,80378097,,
1,1,,0,1,,91091389,,
1,1,,0,1,,80893743,,
1,1,,0,1,,80625839,,
1,1,,0.012,0.988,,80934789,,
1,1,,0,1,,80598490,,
1,1,,0,1,,80274913,,
1,1,,0.124,0.876,,86375437,,
1,1,,0.014,0.986,,80804816,,
1,1,,0,1,,80815706,,
1,1,,0.064,0.936,,82533412,,
1,1,,0.022,0.978,,83154225,,
1,1,,0.028,0.972,,85794530,,
1,1,,0,1,,81749565,,
1,1,,0,1,,80112109,,
1,1,,0.018,0.982,,81876060,,
1,1,,0.004,0.996,,80604191,,
1,1,,0,1,,79886064,,
1,1,,0.01,0.99,,81113454,,
1,1,,0.034,0.966,,89499257,,
1,1,,0.01,0.99,,82848142,,
1,1,,0,1,,81900337,,
1,1,,0.008,0.992,,83269832,,
1,1,,0.004,0.996,,82376488,,
1,1,,0.094,0.906,,85757861,,
1,1,,0.086,0.914,,86890953,,
1,1,,0,1,,83868012,,
1,1,,0.006,0.994,,83140771,,
1,1,,0.008,0.992,,81767087,,
1,1,,0,1,,81654908,,
1,1,,0.014,0.986,,83396079,,
1,1,,0.002,0.998,,81769272,,
1,1,,0.012,0.988,,88779500,,
1,1,,0,1,,78903164,,
1,1,,0.002,0.998,,79225398,,
1,1,,0.016,0.984,,79856099,,
1,1,,0.016,0.984,,79615017,,
1,1,,0.01,0.99,,79089955,,
1,1,,0.01,0.99,,84248605,,
1,1,,0.012,0.988,,81565861,,
1,1,,0,1,,78528993,,
1,1,,0.006,0.994,,78945071,,
1,1,,0,1,,78614874,,
1,1,,0.006,0.994,,78843592,,
1,1,,0,1,,87424312,,
1,1,,0.026,0.974,,80945529,,
1,1,,0.002,0.998,,80555007,,
1,1,,0,1,,80576639,,
1,1,,0.03,0.97,,81880119,,
1,1,,0.002,0.998,,78590460,,
1,1,,0.006,0.994,,82180922,,
1,1,,0.038,0.962,,80307765,,
1,1,,0,1,,79180924,,
1,1,,0.008,0.992,,80971538,,
1,1,,0.002,0.998,,79086277,,
1,1,,0.006,0.994,,82949302,,
1,1,,0.01,0.99,,79628572,,
1,1,,0.008,0.992,,81732142,,
1,1,,0.002,0.998,,79125560,,
1,1,,0,1,,78726663,,
1,1,,0.006,0.994,,81261241,,
1,1,,0.002,0.998,,79212793,,
1,1,,0.046,0.954,,82677643,,
1,1,,0.012,0.988,,88959316,,
1,1,,0,1,,79688133,,
1,1,,0.002,0.998,,78814809,,
1,1,,0.002,0.998,,79544205,,
1,1,,0.066,0.934,,81141175,,
1,1,,0.004,0.996,,79700868,,
1,1,,0.03,0.97,,88563625,,
1,1,,0.008,0.992,,78866796,,
1,1,,0,1,,79597083,,
1,1,,0,1,,79952800,,
1,1,,0.002,0.998,,78906559,,
1,1,,0.012,0.988,,81740578,,
1,1,,0.032,0.968,,83091196,,
1,1,,0,1,,78619364,,
1,1,,0.002,0.998,,79271283,,
1,1,,0.302,0.698,,86481677,,
1,1,,0,1,,79249061,,
1,1,,0.002,0.998,,79235896,,
1,1,,0.012,0.988,,81998872,,
1,1,,0.004,0.996,,79080064,,
1,1,,0,1,,78965851,,
1,1,,0,1,,78978716,,
1,1,,0.134,0.866,,82556625,,
1,1,,0.004,0.996,,79616610,,
1,1,,0,1,,79519208,,
1,1,,0.002,0.998,,87587758,,
1,1,,0,1,,78969428,,
1,1,,0.008,0.992,,79722006,,
1,1,,0.008,0.992,,79574100,,
1,1,,0.014,0.986,,81784530,,
1,1,,0.002,0.998,,79283465,,
1,1,,0,1,,80679271,,
1,1,,0.004,0.996,,79845538,,
1,1,,0.002,0.998,,79223994,,
1,1,,0,1,,78996048,,
1,1,,0,1,,78512803,,
1,1,,0.124,0.876,,81711152,,
1,1,,0.024,0.976,,82720763,,
1,0,,0.682,0.318,,88291536,,
1,1,,0,1,,79632490,,
1,1,,0.002,0.998,,78639159,,
1,1,,0.006,0.994,,79379195,,
1,1,,0,1,,78577874,,
1,1,,0.01,0.99,,82524727,,
1,1,,0.012,0.988,,80329755,,
1,1,,0,1,,78973595,,
1,1,,0,1,,79079283,,
1,1,,0.006,0.994,,79503719,,
1,1,,0.078,0.922,,81461404,,
1,1,,0,1,,79231999,,
1,1,,0.132,0.868,,87105465,,
1,1,,0.002,0.998,,78674295,,
1,1,,0.002,0.998,,78336522,,
1,1,,0,1,,78825849,,
1,1,,0,1,,78563828,,
1,1,,0,1,,79111082,,
1,1,,0,1,,81369361,,
1,1,,0.048,0.952,,80810716,,
1,1,,0.008,0.992,,79556447,,
1,1,,0.014,0.986,,80064018,,
1,1,,0,1,,78256622,,
1,1,,0.224,0.776,,84018692,,
1,1,,0.002,0.998,,80504334,,
1,1,,0.002,0.998,,78888055,,
1,1,,0,1,,78360396,,
1,1,,0.012,0.988,,80055832,,
1,1,,0.008,0.992,,79263748,,
1,1,,0.034,0.966,,89643537,,
1,1,,0.002,0.998,,82903826,,
1,1,,0,1,,80721900,,
1,1,,0.02,0.98,,81129934,,
1,1,,0.004,0.996,,80882360,,
1,1,,0.066,0.934,,85378681,,
1,1,,0.02,0.98,,83912835,,
1,1,,0.024,0.976,,81722314,,
1,1,,0.004,0.996,,81297577,,
1,1,,0.008,0.992,,81152616,,
1,1,,0,1,,81325760,,
1,1,,0.024,0.976,,81960690,,
1,1,,0.002,0.998,,80962691,,
1,1,,0,1,,80636509,,
1,1,,0,1,,82738956,,
1,1,,0,1,,80690451,,
1,1,,0,1,,80362807,,
1,1,,0,1,,81175890,,
1,1,,0,1,,80331919,,
1,1,,0.024,0.976,,82285096,,
1,1,,0.002,0.998,,82621799,,
1,1,,0,1,,80598588,,
1,1,,0,1,,80669371,,
1,1,,0,1,,81030888,,
1,1,,0,1,,80185775,,
1,1,,0,1,,80064218,,
1,1,,0.018,0.982,,85905017,,
1,1,,0.002,0.998,,81078788,,
1,1,,0.004,0.996,,81193692,,
1,1,,0,1,,81116047,,
1,1,,0.03,0.97,,81809677,,
1,1,,0.014,0.986,,82447902,,
1,1,,0,1,,84780259,,
1,1,,0,1,,81002596,,
1,1,,0,1,,80918447,,
1,1,,0.002,0.998,,81529661,,
1,1,,0.008,0.992,,80843837,,
1,1,,0,1,,80683116,,
1,1,,0.044,0.956,,84068405,,
1,1,,0.01,0.99,,83033550,,
1,1,,0,1,,81393787,,
1,1,,0.004,0.996,,81508553,,
1,1,,0.064,0.936,,82532519,,
1,1,,0.014,0.986,,82501152,,
1,1,,0.01,0.99,,81786914,,
1,1,,0.002,0.998,,82553339,,
1,1,,0.002,0.998,,81307446,,
1,1,,0.004,0.996,,80931060,,
1,1,,0,1,,80604319,,
1,1,,0.004,0.996,,81780832,,
1,1,,0.004,0.996,,81824193,,
1,1,,0.014,0.986,,84886119,,
1,1,,0.01,0.99,,81610103,,
1,1,,0.046,0.954,,83015303,,
1,1,,0.012,0.988,,81276677,,
1,1,,0.002,0.998,,80965255,,
1,1,,0.002,0.998,,81794489,,
1,1,,0.01,0.99,,83438747,,
1,1,,0.076,0.924,,83583678,,
1,1,,0.006,0.994,,81972961,,
1,1,,0,1,,81160140,,
1,1,,0.004,0.996,,80921113,,
1,1,,0.002,0.998,,82088268,,
1,1,,0.004,0.996,,80712491,,
1,1,,0,1,,82227279,,
1,1,,0.002,0.998,,81258855,,
1,1,,0.024,0.976,,82042331,,
1,1,,0.002,0.998,,80816837,,
1,1,,0,1,,80569754,,
1,1,,0.012,0.988,,83988577,,
1,1,,0.048,0.952,,83287273,,
1,1,,0.002,0.998,,81289252,,
1,1,,0.008,0.992,,80950708,,
1,1,,0.12,0.88,,85576030,,
1,1,,0.006,0.994,,81089828,,
1,1,,0.004,0.996,,80709725,,
1,1,,0,1,,82880632,,
1,1,,0,1,,80529679,,
1,1,,0.004,0.996,,81356788,,
1,1,,0.002,0.998,,80577989,,
1,1,,0.002,0.998,,80752326,,
1,1,,0,1,,81611716,,
1,1,,0.002,0.998,,82223261,,
1,1,,0.002,0.998,,81127238,,
1,1,,0.02,0.98,,80067604,,
1,1,,0,1,,80791449,,
1,1,,0.018,0.982,,81783888,,
1,1,,0.024,0.976,,81864349,,
1,1,,0.002,0.998,,81706763,,
1,1,,0.012,0.988,,83057833,,
1,1,,0.008,0.992,,80534398,,
1,1,,0.008,0.992,,81694240,,
1,1,,0.024,0.976,,82120679,,
1,1,,0.01,0.99,,82323068,,
1,1,,0.006,0.994,,80950517,,
1,1,,0.002,0.998,,90921830,,
1,1,,0.002,0.998,,81401361,,
1,1,,0.012,0.988,,81813193,,
1,1,,0.006,0.994,,81494666,,
1,1,,0,1,,80934928,,
1,1,,0,1,,81363591,,
1,1,,0.014,0.986,,89895119,,
1,1,,0.002,0.998,,81097872,,
1,1,,0.496,0.504,,91105284,,
1,1,,0.004,0.996,,81296625,,
1,1,,0.004,0.996,,81551282,,
1,1,,0.002,0.998,,81371746,,
1,1,,0,1,,82763361,,
1,1,,0.002,0.998,,81332242,,
1,1,,0,1,,80808891,,
1,1,,0,1,,81588101,,
1,1,,0.002,0.998,,81010890,,
1,1,,0,1,,80365851,,
1,1,,0.008,0.992,,83729050,,
1,1,,0.004,0.996,,80744952,,
1,1,,0,1,,81319929,,
1,1,,0.012,0.988,,81452056,,
1,1,,0.008,0.992,,81457216,,
1,1,,0,1,,80957601,,
1,1,,0.008,0.992,,82326674,,
1,1,,0,1,,82323408,,
1,1,,0.358,0.642,,85670897,,
1,1,,0.004,0.996,,81621734,,
1,1,,0,1,,81394018,,
1,1,,0.026,0.974,,82421342,,
1,1,,0.01,0.99,,81571480,,
1,1,,0,1,,82604794,,
1,1,,0.016,0.984,,82102353,,
1,1,,0,1,,81025106,,
1,1,,0.372,0.628,,90076428,,
1,1,,0.012,0.988,,83913506,,
1,1,,0.014,0.986,,82012364,,
1,1,,0.002,0.998,,83718871,,
1,1,,0,1,,81172133,,
1,1,,0.002,0.998,,80831032,,
1,1,,0.004,0.996,,81076544,,
1,1,,0.026,0.974,,81957964,,
1,1,,0.004,0.996,,81193613,,
1,1,,0,1,,82330400,,
1,1,,0.052,0.948,,82302969,,
1,1,,0,1,,80866550,,
1,1,,0,1,,81062858,,
1,1,,0.1,0.9,,83169783,,
1,1,,0.004,0.996,,81455483,,
1,1,,0.074,0.926,,89885810,,
1,1,,0.016,0.984,,81378870,,
1,1,,0.008,0.992,,81348573,,
1,1,,0.002,0.998,,81136325,,
1,1,,0.002,0.998,,81041175,,
1,1,,0.008,0.992,,82072599,,
1,1,,0.01,0.99,,83115261,,
1,1,,0.048,0.952,,83111083,,
1,1,,0.002,0.998,,81075320,,
1,1,,0.002,0.998,,80899189,,
1,1,,0.004,0.996,,81317214,,
1,1,,0.074,0.926,,83173139,,
1,1,,0.022,0.978,,84784757,,
1,1,,0.002,0.998,,82073951,,
1,1,,0.006,0.994,,81084027,,
1,1,,0.002,0.998,,81014245,,
1,1,,0.03,0.97,,82804549,,
1,1,,0,1,,80234717,,
1,1,,0.004,0.996,,80782222,,
1,1,,0,1,,81949646,,
1,1,,0.032,0.968,,82317817,,
1,1,,0,1,,80763096,,
1,1,,0.012,0.988,,81818413,,
1,1,,0,1,,81018834,,
1,1,,0,1,,80433699,,
1,1,,0.026,0.974,,83866979,,
1,1,,0,1,,80750332,,