ItalyPowerDemand,TS-CHIEF,test,1,NANOSECONDS,PREDICTIONS, Generated by Experiments.java on 2021-03-19 01:00:54.    SYSTEMPROPERTIES:{user.name:jomeh,os.arch:amd64,os.name:Linux},ENDSYSTEMPROPERTIES
No parameter info
0.93488824101069,914000000,5796374705,0,2406726056,2,,-1,-1
0,0,,0.994,0.006,,23315810,,
0,0,,0.99,0.01,,7264435,,
0,0,,0.908,0.092,,5976334,,
0,0,,0.914,0.086,,5597223,,
0,0,,0.996,0.004,,5438447,,
0,0,,1,0,,5412157,,
0,0,,0.912,0.088,,5872850,,
0,0,,0.976,0.024,,5512285,,
0,0,,0.888,0.112,,5519637,,
0,0,,0.98,0.02,,5463253,,
0,0,,0.996,0.004,,5473332,,
0,0,,0.89,0.11,,5549382,,
0,0,,0.996,0.004,,5386089,,
0,0,,0.976,0.024,,5608153,,
0,0,,0.936,0.064,,5483811,,
0,0,,0.976,0.024,,5603636,,
0,0,,0.946,0.054,,5701557,,
0,0,,0.976,0.024,,5504350,,
0,0,,0.872,0.128,,5458794,,
0,0,,0.88,0.12,,5657916,,
0,0,,0.912,0.088,,5523105,,
0,0,,0.996,0.004,,5378934,,
0,0,,0.988,0.012,,5388643,,
0,0,,0.972,0.028,,5396358,,
0,0,,0.964,0.036,,5498858,,
0,0,,0.902,0.098,,5754639,,
0,0,,0.95,0.05,,5446502,,
0,0,,0.954,0.046,,5501724,,
0,0,,0.98,0.02,,5543734,,
0,0,,0.998,0.002,,5401846,,
0,0,,0.96,0.04,,5542040,,
0,0,,0.864,0.136,,5817376,,
0,0,,0.516,0.484,,6790658,,
0,0,,0.988,0.012,,5432055,,
0,0,,0.992,0.008,,5461159,,
0,0,,0.974,0.026,,5451379,,
0,0,,0.992,0.008,,5427025,,
0,0,,0.992,0.008,,5465886,,
0,0,,0.938,0.062,,5517384,,
0,0,,0.898,0.102,,5595521,,
0,0,,0.936,0.064,,5508716,,
0,0,,0.928,0.072,,5582155,,
0,0,,0.952,0.048,,5557690,,
0,0,,0.844,0.156,,5826963,,
0,0,,0.9,0.1,,5544546,,
0,0,,0.922,0.078,,5779233,,
0,0,,0.958,0.042,,5653389,,
0,0,,0.954,0.046,,5554233,,
0,0,,0.9,0.1,,5593726,,
0,0,,0.888,0.112,,5652016,,
0,0,,0.88,0.12,,5852932,,
0,0,,0.986,0.014,,5400104,,
0,0,,0.868,0.132,,5656214,,
0,0,,0.996,0.004,,5334099,,
0,0,,0.916,0.084,,5809972,,
0,0,,0.988,0.012,,5525428,,
0,0,,0.99,0.01,,5330483,,
0,0,,0.958,0.042,,5617522,,
0,0,,0.976,0.024,,5458112,,
0,0,,0.946,0.054,,5459716,,
0,0,,0.962,0.038,,5475786,,
0,0,,0.992,0.008,,5403299,,
0,0,,0.982,0.018,,5440571,,
0,0,,0.856,0.144,,5584068,,
0,0,,0.872,0.128,,5738317,,
0,0,,0.948,0.052,,5491085,,
0,0,,0.93,0.07,,5552039,,
0,0,,0.872,0.128,,5869042,,
0,0,,0.892,0.108,,5696880,,
0,0,,0.988,0.012,,5383363,,
0,0,,0.916,0.084,,5521031,,
0,0,,0.984,0.016,,5411666,,
0,0,,0.944,0.056,,5559533,,
0,1,,0.24,0.76,,6972089,,
0,0,,0.898,0.102,,5584869,,
0,0,,0.994,0.006,,5352596,,
0,0,,0.972,0.028,,5495893,,
0,0,,0.986,0.014,,5394424,,
0,0,,0.99,0.01,,5325455,,
0,0,,0.872,0.128,,5757372,,
0,0,,0.932,0.068,,5487698,,
0,0,,0.93,0.07,,5477209,,
0,0,,0.958,0.042,,5504729,,
0,0,,0.842,0.158,,5595500,,
0,0,,0.868,0.132,,5445328,,
0,0,,0.752,0.248,,6250166,,
0,0,,0.968,0.032,,5610629,,
0,0,,0.936,0.064,,5432273,,
0,0,,0.966,0.034,,5482670,,
0,0,,0.942,0.058,,5403751,,
0,0,,0.984,0.016,,5359076,,
0,0,,0.968,0.032,,5458394,,
0,0,,0.888,0.112,,5715083,,
0,0,,0.9,0.1,,5933834,,
0,0,,0.988,0.012,,5374056,,
0,0,,0.94,0.06,,5497746,,
0,0,,0.892,0.108,,5579711,,
0,0,,0.852,0.148,,5892978,,
0,0,,0.834,0.166,,5467369,,
0,0,,0.996,0.004,,5369026,,
0,0,,1,0,,5393300,,
0,0,,0.896,0.104,,5611651,,
0,0,,0.974,0.026,,5410404,,
0,0,,0.998,0.002,,5354548,,
0,0,,0.988,0.012,,5392179,,
0,0,,0.878,0.122,,5874944,,
0,0,,0.974,0.026,,5483589,,
0,0,,0.984,0.016,,5422105,,
0,0,,0.978,0.022,,5387530,,
0,0,,0.966,0.034,,5647508,,
0,0,,0.988,0.012,,5477320,,
0,0,,0.978,0.022,,5526279,,
0,0,,0.914,0.086,,5602003,,
0,0,,0.95,0.05,,5706659,,
0,0,,0.536,0.464,,6465088,,
0,0,,0.944,0.056,,5679979,,
0,0,,0.944,0.056,,5698442,,
0,0,,0.962,0.038,,5546308,,
0,0,,0.982,0.018,,5493750,,
0,0,,0.994,0.006,,5412386,,
0,0,,0.922,0.078,,5506575,,
0,0,,0.984,0.016,,5406867,,
0,0,,0.898,0.102,,5535337,,
0,0,,0.902,0.098,,5833336,,
0,0,,0.96,0.04,,5544203,,
0,0,,0.888,0.112,,5854335,,
0,0,,0.928,0.072,,5598756,,
0,0,,0.996,0.004,,5577676,,
0,0,,0.95,0.05,,5559172,,
0,0,,0.958,0.042,,5609636,,
0,0,,0.924,0.076,,5718870,,
0,0,,0.954,0.046,,5412107,,
0,0,,0.954,0.046,,5489070,,
0,0,,0.902,0.098,,5573650,,
0,0,,0.916,0.084,,5430310,,
0,0,,0.986,0.014,,5518956,,
0,0,,0.964,0.036,,5508718,,
0,0,,0.996,0.004,,5359939,,
0,0,,0.988,0.012,,5420643,,
0,0,,0.89,0.11,,5572547,,
0,0,,0.9,0.1,,5549463,,
0,0,,0.994,0.006,,5393151,,
0,0,,0.99,0.01,,5357514,,
0,0,,0.994,0.006,,5360389,,
0,0,,0.908,0.092,,5572708,,
0,0,,0.99,0.01,,5360018,,
0,0,,0.914,0.086,,5545055,,
0,0,,0.99,0.01,,5431273,,
0,0,,0.912,0.088,,5775697,,
0,0,,0.982,0.018,,5386829,,
0,0,,0.872,0.128,,5879742,,
0,0,,0.912,0.088,,5549293,,
0,0,,1,0,,5362604,,
0,0,,0.704,0.296,,6406368,,
0,0,,0.986,0.014,,5433376,,
0,0,,0.96,0.04,,5529967,,
0,0,,0.874,0.126,,5865556,,
0,0,,0.954,0.046,,5588618,,
0,0,,0.988,0.012,,5423768,,
0,0,,0.998,0.002,,5317970,,
0,0,,0.994,0.006,,5403360,,
0,0,,0.972,0.028,,5459515,,
0,0,,0.878,0.122,,5596152,,
0,0,,0.84,0.16,,5964410,,
0,0,,0.992,0.008,,5379205,,
0,0,,0.924,0.076,,5854696,,
0,0,,0.88,0.12,,5596080,,
0,0,,0.978,0.022,,5468202,,
0,0,,0.984,0.016,,5460076,,
0,0,,0.99,0.01,,5450799,,
0,0,,0.932,0.068,,5595832,,
0,0,,0.966,0.034,,5512554,,
0,0,,0.998,0.002,,5339290,,
0,0,,0.916,0.084,,5575593,,
0,0,,0.998,0.002,,5348676,,
0,0,,0.996,0.004,,5327899,,
0,0,,0.978,0.022,,5393060,,
0,0,,0.984,0.016,,5387420,,
0,0,,0.902,0.098,,5757174,,
0,0,,0.978,0.022,,5564231,,
0,0,,0.946,0.054,,5518115,,
0,0,,0.94,0.06,,5644843,,
0,0,,0.934,0.066,,5517253,,
0,0,,0.99,0.01,,5341375,,
0,0,,0.99,0.01,,5448474,,
0,0,,0.996,0.004,,5360970,,
0,0,,0.732,0.268,,6335186,,
0,0,,0.96,0.04,,5382921,,
0,0,,0.992,0.008,,5324993,,
0,0,,0.968,0.032,,5458925,,
0,0,,0.892,0.108,,5634653,,
0,0,,0.972,0.028,,5422246,,
0,0,,0.936,0.064,,5507014,,
0,0,,0.98,0.02,,5506854,,
0,0,,0.922,0.078,,5556668,,
0,0,,0.982,0.018,,5421443,,
0,0,,0.936,0.064,,5401827,,
0,0,,0.944,0.056,,5676793,,
0,0,,0.976,0.024,,5417655,,
0,0,,0.992,0.008,,5368566,,
0,0,,0.994,0.006,,5336143,,
0,0,,0.954,0.046,,5545747,,
0,0,,0.934,0.066,,5517074,,
0,0,,0.624,0.376,,6336737,,
0,0,,0.964,0.036,,5508036,,
0,0,,0.87,0.13,,5845339,,
0,0,,0.942,0.058,,5433446,,
0,0,,0.966,0.034,,5447904,,
0,0,,0.77,0.23,,5561615,,
0,0,,0.874,0.126,,5508899,,
0,0,,0.922,0.078,,5463844,,
0,0,,0.946,0.054,,5471757,,
0,0,,0.984,0.016,,5370620,,
0,0,,0.956,0.044,,5525971,,
0,0,,0.954,0.046,,5378142,,
0,0,,0.986,0.014,,5434530,,
0,0,,0.994,0.006,,5388231,,
0,0,,0.974,0.026,,5418258,,
0,0,,0.968,0.032,,5465898,,
0,0,,0.946,0.054,,5575782,,
0,0,,0.938,0.062,,5504270,,
0,0,,0.964,0.036,,5530457,,
0,0,,0.956,0.044,,5813679,,
0,0,,0.876,0.124,,5631048,,
0,0,,0.872,0.128,,5764856,,
0,0,,0.996,0.004,,5380438,,
0,0,,0.912,0.088,,5515641,,
0,0,,0.96,0.04,,5434738,,
0,0,,0.992,0.008,,5402158,,
0,0,,0.992,0.008,,5342776,,
0,0,,0.99,0.01,,5319974,,
0,0,,0.956,0.044,,5355481,,
0,1,,0.214,0.786,,6253041,,
0,0,,0.944,0.056,,5633923,,
0,0,,0.928,0.072,,5703503,,
0,0,,0.972,0.028,,5420591,,
0,0,,0.986,0.014,,5271434,,
0,0,,0.99,0.01,,5328529,,
0,0,,0.99,0.01,,5348879,,
0,0,,0.95,0.05,,5436793,,
0,0,,0.958,0.042,,5518956,,
0,0,,0.942,0.058,,5479183,,
0,0,,0.812,0.188,,5527494,,
0,0,,0.986,0.014,,5362222,,
0,0,,0.866,0.134,,5860156,,
0,0,,0.934,0.066,,5659970,,
0,0,,0.98,0.02,,5351032,,
0,0,,0.954,0.046,,5923946,,
0,0,,0.954,0.046,,5479672,,
0,0,,0.788,0.212,,5539345,,
0,0,,0.942,0.058,,5473352,,
0,0,,0.982,0.018,,5438104,,
0,0,,0.968,0.032,,5769908,,
0,0,,0.936,0.064,,6602435,,
0,0,,0.94,0.06,,6236982,,
0,0,,0.97,0.03,,5612232,,
0,0,,0.94,0.06,,5600228,,
0,0,,0.878,0.122,,5943683,,
0,0,,0.966,0.034,,5677773,,
0,0,,0.998,0.002,,5730252,,
0,0,,0.934,0.066,,6654583,,
0,0,,0.956,0.044,,10245419,,
0,0,,0.98,0.02,,8273234,,
0,0,,0.944,0.056,,5505381,,
0,0,,0.994,0.006,,5333670,,
0,0,,0.886,0.114,,5452160,,
0,0,,0.954,0.046,,5479603,,
0,0,,1,0,,5358665,,
0,0,,0.986,0.014,,5576495,,
0,0,,0.992,0.008,,5453425,,
0,0,,0.914,0.086,,5517964,,
0,0,,0.93,0.07,,5481527,,
0,0,,0.998,0.002,,5345711,,
0,0,,0.984,0.016,,5385597,,
0,0,,0.928,0.072,,5716327,,
0,1,,0.2,0.8,,6096827,,
0,0,,0.902,0.098,,5777291,,
0,0,,0.914,0.086,,5549284,,
0,0,,0.986,0.014,,5474152,,
0,0,,0.982,0.018,,5410534,,
0,0,,0.95,0.05,,5440008,,
0,0,,0.89,0.11,,6033992,,
0,0,,0.98,0.02,,5465918,,
0,0,,0.992,0.008,,5360769,,
0,0,,0.99,0.01,,5372053,,
0,0,,0.966,0.034,,5508637,,
0,0,,0.94,0.06,,5849064,,
0,0,,0.944,0.056,,5864394,,
0,0,,0.998,0.002,,5373373,,
0,0,,0.94,0.06,,5561226,,
0,0,,0.9,0.1,,5545176,,
0,0,,0.994,0.006,,5391697,,
0,0,,0.868,0.132,,5546108,,
0,0,,0.918,0.082,,5662095,,
0,0,,0.832,0.168,,5815281,,
0,0,,0.916,0.084,,5529366,,
0,0,,0.926,0.074,,5858782,,
0,0,,0.872,0.128,,5748597,,
0,0,,0.94,0.06,,5671041,,
0,0,,0.992,0.008,,5376039,,
0,0,,0.99,0.01,,5372002,,
0,0,,0.984,0.016,,5505422,,
0,0,,0.982,0.018,,5417015,,
0,0,,0.868,0.132,,5513216,,
0,0,,0.904,0.096,,5518705,,
0,0,,0.986,0.014,,5413660,,
0,0,,0.922,0.078,,5507635,,
0,0,,0.816,0.184,,5732126,,
0,0,,0.952,0.048,,5726356,,
0,0,,0.844,0.156,,5850587,,
0,0,,0.956,0.044,,5676872,,
0,0,,0.948,0.052,,5701118,,
0,0,,0.964,0.036,,5410493,,
0,0,,0.904,0.096,,5438216,,
0,0,,0.982,0.018,,5357514,,
0,0,,0.918,0.082,,5694415,,
0,0,,0.956,0.044,,5543012,,
0,0,,0.876,0.124,,5895041,,
0,0,,0.924,0.076,,5555997,,
0,0,,0.972,0.028,,5430831,,
0,0,,0.964,0.036,,5392370,,
0,0,,0.996,0.004,,5354620,,
0,0,,0.974,0.026,,5464604,,
0,0,,0.936,0.064,,5496605,,
0,0,,0.986,0.014,,5372192,,
0,0,,0.922,0.078,,5483098,,
0,0,,0.922,0.078,,5462662,,
0,0,,0.902,0.098,,5547580,,
0,0,,0.938,0.062,,5774204,,
0,0,,0.952,0.048,,5430001,,
0,0,,0.928,0.072,,5586713,,
0,0,,0.98,0.02,,5449216,,
0,0,,0.846,0.154,,5909848,,
0,0,,0.884,0.116,,5678215,,
0,0,,0.888,0.112,,5493690,,
0,0,,0.994,0.006,,5383783,,
0,0,,0.966,0.034,,5576855,,
0,0,,0.976,0.024,,5458213,,
0,0,,0.988,0.012,,5347516,,
0,0,,0.912,0.088,,5813449,,
0,0,,0.912,0.088,,5276282,,
0,0,,0.994,0.006,,5345943,,
0,0,,0.928,0.072,,5710286,,
0,0,,0.958,0.042,,5614405,,
0,0,,0.998,0.002,,5293895,,
0,0,,0.958,0.042,,5473883,,
0,0,,0.918,0.082,,5551137,,
0,0,,0.928,0.072,,5497016,,
0,0,,0.882,0.118,,5581984,,
0,0,,0.83,0.17,,5812947,,
0,0,,0.96,0.04,,5526672,,
0,0,,0.982,0.018,,5395194,,
0,0,,0.954,0.046,,5367223,,
0,0,,0.97,0.03,,5415042,,
0,0,,0.982,0.018,,5338298,,
0,0,,0.992,0.008,,5348498,,
0,0,,0.86,0.14,,5457291,,
0,0,,0.888,0.112,,5802949,,
0,0,,0.694,0.306,,5566996,,
0,0,,0.818,0.182,,5591372,,
0,0,,0.814,0.186,,5523065,,
0,0,,0.996,0.004,,5323731,,
0,0,,0.964,0.036,,5329972,,
0,0,,0.838,0.162,,6029614,,
0,0,,0.996,0.004,,5325784,,
0,0,,0.992,0.008,,5337466,,
0,0,,0.86,0.14,,5838275,,
0,0,,0.96,0.04,,5433035,,
0,0,,0.922,0.078,,5624675,,
0,0,,0.926,0.074,,5730412,,
0,0,,0.988,0.012,,5273737,,
0,0,,0.932,0.068,,5539366,,
0,0,,0.854,0.146,,5803208,,
0,0,,0.954,0.046,,5688304,,
0,0,,0.95,0.05,,5354318,,
0,0,,0.996,0.004,,5340111,,
0,0,,0.962,0.038,,5445840,,
0,0,,0.948,0.052,,5500983,,
0,0,,0.926,0.074,,5514108,,
0,0,,0.968,0.032,,5477219,,
0,0,,0.95,0.05,,5692631,,
0,0,,0.982,0.018,,5419811,,
0,0,,0.956,0.044,,5911792,,
0,0,,0.994,0.006,,5433506,,
0,0,,0.994,0.006,,5420843,,
0,0,,0.98,0.02,,5372241,,
0,0,,0.888,0.112,,5783212,,
0,0,,0.964,0.036,,5472901,,
0,0,,0.976,0.024,,5361351,,
0,0,,0.874,0.126,,5961557,,
0,0,,0.954,0.046,,5637788,,
0,0,,0.946,0.054,,5648299,,
0,0,,0.892,0.108,,5817206,,
0,0,,0.936,0.064,,5516440,,
0,0,,0.982,0.018,,5420783,,
0,0,,0.998,0.002,,5318922,,
0,0,,0.99,0.01,,5347175,,
0,0,,0.992,0.008,,5345172,,
0,0,,0.994,0.006,,5363905,,
0,0,,0.998,0.002,,5361722,,
0,0,,0.984,0.016,,5425693,,
0,0,,0.87,0.13,,5907945,,
0,0,,1,0,,5401768,,
0,0,,0.674,0.326,,6479345,,
0,0,,0.992,0.008,,5375408,,
0,0,,0.964,0.036,,5390997,,
0,0,,0.84,0.16,,5883638,,
0,0,,0.81,0.19,,6028482,,
0,0,,0.952,0.048,,5570122,,
0,0,,0.992,0.008,,5354960,,
0,0,,0.88,0.12,,5812387,,
0,0,,0.932,0.068,,5477638,,
0,0,,0.992,0.008,,5340333,,
0,0,,0.852,0.148,,6251509,,
0,0,,0.972,0.028,,5450036,,
0,0,,0.918,0.082,,5704645,,
0,0,,0.912,0.088,,5512123,,
0,0,,0.978,0.022,,5367784,,
0,0,,0.992,0.008,,5350652,,
0,0,,0.984,0.016,,5459644,,
0,0,,0.972,0.028,,5530158,,
0,0,,0.968,0.032,,5418249,,
0,0,,0.992,0.008,,5303532,,
0,0,,0.996,0.004,,5735383,,
0,0,,0.954,0.046,,5374124,,
0,0,,0.998,0.002,,5360089,,
0,0,,0.994,0.006,,5362855,,
0,0,,0.986,0.014,,5440529,,
0,0,,0.968,0.032,,5388173,,
0,0,,0.992,0.008,,5326185,,
0,0,,0.978,0.022,,5373504,,
0,0,,0.964,0.036,,5538604,,
0,0,,0.994,0.006,,5371370,,
0,0,,0.96,0.04,,5668998,,
0,0,,0.982,0.018,,5474754,,
0,0,,0.984,0.016,,5418838,,
0,0,,0.864,0.136,,6035484,,
0,0,,0.996,0.004,,5337566,,
0,0,,0.994,0.006,,5318582,,
0,0,,0.896,0.104,,5597775,,
0,0,,0.896,0.104,,5475554,,
0,0,,0.946,0.054,,5545687,,
0,0,,0.908,0.092,,5564463,,
0,0,,0.96,0.04,,5696428,,
0,0,,0.996,0.004,,5341155,,
0,0,,0.998,0.002,,5305998,,
0,0,,0.962,0.038,,5429319,,
0,0,,0.986,0.014,,5429019,,
0,0,,0.984,0.016,,5355169,,
0,0,,0.994,0.006,,5392430,,
0,0,,0.89,0.11,,5734832,,
0,0,,0.912,0.088,,5526189,,
0,0,,0.976,0.024,,5422687,,
0,0,,0.948,0.052,,5430030,,
0,0,,0.928,0.072,,5529586,,
0,0,,0.996,0.004,,5311589,,
0,0,,0.978,0.022,,5352555,,
0,0,,0.98,0.02,,5455909,,
0,0,,0.99,0.01,,5392891,,
0,0,,0.944,0.056,,5648408,,
0,0,,0.912,0.088,,5527834,,
0,1,,0.238,0.762,,6167611,,
0,0,,0.924,0.076,,5539816,,
0,1,,0.436,0.564,,6474777,,
0,0,,0.908,0.092,,5768874,,
0,0,,0.994,0.006,,5345132,,
0,0,,0.938,0.062,,5667273,,
0,0,,0.934,0.066,,5583518,,
0,0,,0.984,0.016,,5379987,,
0,0,,0.89,0.11,,5647927,,
0,0,,0.97,0.03,,5470877,,
0,0,,0.978,0.022,,5420593,,
0,0,,0.98,0.02,,5384213,,
0,0,,0.99,0.01,,5343719,,
0,0,,0.93,0.07,,5371600,,
0,0,,0.938,0.062,,5515450,,
0,0,,0.95,0.05,,5415874,,
0,0,,0.99,0.01,,5396396,,
0,0,,0.99,0.01,,5291130,,
0,0,,0.904,0.096,,5498488,,
0,0,,0.952,0.048,,5622340,,
0,0,,0.984,0.016,,5472310,,
0,0,,0.988,0.012,,5374926,,
0,0,,0.978,0.022,,5382131,,
0,0,,0.92,0.08,,5566336,,
0,0,,0.988,0.012,,5307871,,
0,0,,0.972,0.028,,5385928,,
0,0,,0.972,0.028,,5396136,,
0,0,,0.948,0.052,,5364006,,
0,0,,0.934,0.066,,5443546,,
0,0,,0.948,0.052,,5641716,,
0,0,,0.952,0.048,,5358516,,
0,0,,0.99,0.01,,5347095,,
0,0,,0.974,0.026,,5349940,,
0,0,,0.992,0.008,,5299957,,
0,0,,0.94,0.06,,5765187,,
0,0,,0.93,0.07,,5691169,,
0,0,,0.998,0.002,,5286321,,
0,0,,0.858,0.142,,5540617,,
0,0,,0.988,0.012,,5383774,,
0,0,,0.854,0.146,,5721256,,
0,0,,0.974,0.026,,5510810,,
0,0,,0.894,0.106,,5490955,,
0,0,,0.888,0.112,,5798580,,
0,0,,0.912,0.088,,5558791,,
0,0,,0.994,0.006,,5323050,,
0,0,,0.982,0.018,,5306228,,
0,0,,0.978,0.022,,5306509,,
0,0,,0.97,0.03,,5372433,,
0,1,,0.416,0.584,,6607836,,
0,0,,0.706,0.294,,6386182,,
0,0,,0.874,0.126,,5562687,,
0,0,,0.984,0.016,,5364709,,
1,1,,0.006,0.994,,5083601,,
1,1,,0.12,0.88,,5331987,,
1,1,,0.098,0.902,,5973749,,
1,1,,0.258,0.742,,5726024,,
1,1,,0.156,0.844,,6077944,,
1,1,,0.088,0.912,,5727808,,
1,1,,0.006,0.994,,5087467,,
1,1,,0.152,0.848,,5916623,,
1,0,,0.504,0.496,,6361303,,
1,1,,0.208,0.792,,5576415,,
1,1,,0.31,0.69,,9880645,,
1,0,,0.874,0.126,,8759457,,
1,1,,0.01,0.99,,5566465,,
1,1,,0.216,0.784,,6444591,,
1,1,,0.036,0.964,,5301239,,
1,1,,0.012,0.988,,5071979,,
1,1,,0.162,0.838,,6034974,,
1,1,,0.354,0.646,,6139679,,
1,1,,0.11,0.89,,5665251,,
1,1,,0.364,0.636,,6587046,,
1,1,,0.108,0.892,,5410293,,
1,1,,0.112,0.888,,5631799,,
1,1,,0.102,0.898,,5143833,,
1,1,,0.164,0.836,,6088344,,
1,1,,0.044,0.956,,5137512,,
1,1,,0.01,0.99,,5094752,,
1,1,,0.036,0.964,,5103579,,
1,1,,0.012,0.988,,5116102,,
1,1,,0.218,0.782,,5772281,,
1,1,,0.118,0.882,,5700988,,
1,1,,0.148,0.852,,5558490,,
1,1,,0.104,0.896,,5556748,,
1,1,,0.018,0.982,,5081597,,
1,1,,0.03,0.97,,5351784,,
1,1,,0.01,0.99,,5088200,,
1,1,,0.432,0.568,,6030064,,
1,1,,0.194,0.806,,5683876,,
1,1,,0.26,0.74,,6214169,,
1,1,,0.088,0.912,,5257096,,
1,0,,0.896,0.104,,5892627,,
1,1,,0.26,0.74,,5933602,,
1,1,,0.468,0.532,,6070089,,
1,1,,0.462,0.538,,6155840,,
1,1,,0.306,0.694,,5948049,,
1,1,,0.224,0.776,,6324816,,
1,1,,0.018,0.982,,5169861,,
1,1,,0.032,0.968,,5132824,,
1,0,,0.608,0.392,,6288829,,
1,1,,0.014,0.986,,5158220,,
1,1,,0.044,0.956,,5505111,,
1,0,,0.542,0.458,,6131123,,
1,1,,0.14,0.86,,5481666,,
1,1,,0.13,0.87,,5859224,,
1,1,,0.076,0.924,,5678785,,
1,1,,0.012,0.988,,5061581,,
1,1,,0.408,0.592,,6230610,,
1,1,,0.012,0.988,,5065827,,
1,1,,0.008,0.992,,5020163,,
1,1,,0.012,0.988,,5058413,,
1,1,,0.334,0.666,,6583761,,
1,1,,0.384,0.616,,6143236,,
1,0,,0.524,0.476,,6154707,,
1,0,,0.618,0.382,,6543236,,
1,1,,0.22,0.78,,6247400,,
1,1,,0.064,0.936,,5655363,,
1,1,,0.008,0.992,,5118346,,
1,1,,0.258,0.742,,5706788,,
1,0,,0.518,0.482,,6177861,,
1,0,,0.776,0.224,,6111745,,
1,1,,0.008,0.992,,5074896,,
1,1,,0.012,0.988,,5053685,,
1,1,,0.012,0.988,,5045861,,
1,1,,0.044,0.956,,5419731,,
1,1,,0.324,0.676,,5754657,,
1,0,,0.75,0.25,,6361104,,
1,1,,0.136,0.864,,5918105,,
1,1,,0.014,0.986,,5370247,,
1,1,,0.442,0.558,,5939856,,
1,1,,0.026,0.974,,5310285,,
1,1,,0.118,0.882,,5513126,,
1,1,,0.004,0.996,,5058344,,
1,1,,0.066,0.934,,5500300,,
1,1,,0.076,0.924,,5600781,,
1,1,,0.05,0.95,,5097727,,
1,1,,0.41,0.59,,6081270,,
1,1,,0.018,0.982,,5009312,,
1,1,,0.02,0.98,,5078551,,
1,1,,0.03,0.97,,5054858,,
1,1,,0.022,0.978,,5107216,,
1,0,,0.502,0.498,,6646707,,
1,1,,0.126,0.874,,5397700,,
1,1,,0.03,0.97,,5070376,,
1,1,,0.374,0.626,,5972586,,
1,1,,0.044,0.956,,5466860,,
1,1,,0.18,0.82,,5900510,,
1,1,,0.14,0.86,,5439078,,
1,1,,0.04,0.96,,5349599,,
1,1,,0.028,0.972,,5080205,,
1,1,,0.4,0.6,,6006831,,
1,1,,0.038,0.962,,5412677,,
1,1,,0.054,0.946,,5651044,,
1,1,,0.148,0.852,,5423779,,
1,1,,0.044,0.956,,5093800,,
1,0,,0.51,0.49,,6210703,,
1,1,,0.168,0.832,,6190704,,
1,1,,0.094,0.906,,5442864,,
1,1,,0.03,0.97,,5131631,,
1,1,,0.07,0.93,,5521600,,
1,1,,0.114,0.886,,5334531,,
1,0,,0.75,0.25,,6139760,,
1,1,,0.016,0.984,,5108166,,
1,1,,0.058,0.942,,5544665,,
1,1,,0.022,0.978,,5361180,,
1,1,,0.104,0.896,,5517765,,
1,1,,0.008,0.992,,4992291,,
1,1,,0.188,0.812,,5453794,,
1,1,,0.054,0.946,,5572978,,
1,1,,0.358,0.642,,6311100,,
1,1,,0.302,0.698,,6176088,,
1,1,,0.308,0.692,,5976534,,
1,1,,0.074,0.926,,5467078,,
1,1,,0.488,0.512,,6361916,,
1,1,,0.01,0.99,,5087629,,
1,0,,0.51,0.49,,6110113,,
1,1,,0.166,0.834,,5863652,,
1,1,,0.016,0.984,,5096384,,
1,1,,0.332,0.668,,6533157,,
1,1,,0.394,0.606,,6081860,,
1,1,,0.19,0.81,,5995850,,
1,1,,0.402,0.598,,6148976,,
1,1,,0.02,0.98,,5404322,,
1,1,,0.034,0.966,,5495693,,
1,1,,0.02,0.98,,5155335,,
1,1,,0.456,0.544,,6187959,,
1,1,,0.18,0.82,,5996392,,
1,1,,0.39,0.61,,6028440,,
1,1,,0.056,0.944,,5521552,,
1,1,,0.152,0.848,,5746522,,
1,1,,0.294,0.706,,6288879,,
1,1,,0.118,0.882,,5493750,,
1,1,,0.046,0.954,,5611578,,
1,1,,0.128,0.872,,5554544,,
1,1,,0.126,0.874,,5390866,,
1,1,,0.014,0.986,,5096136,,
1,0,,0.676,0.324,,6196517,,
1,1,,0.02,0.98,,5170543,,
1,1,,0.038,0.962,,5372132,,
1,1,,0.01,0.99,,5047374,,
1,1,,0.034,0.966,,5196170,,
1,1,,0.012,0.988,,5123597,,
1,1,,0.056,0.944,,5448004,,
1,1,,0.016,0.984,,5122985,,
1,1,,0.014,0.986,,5079624,,
1,1,,0.292,0.708,,6561709,,
1,1,,0.13,0.87,,5312841,,
1,1,,0.014,0.986,,5131611,,
1,1,,0.046,0.954,,5429368,,
1,1,,0.054,0.946,,5215178,,
1,1,,0.146,0.854,,5365339,,
1,1,,0.008,0.992,,5243931,,
1,1,,0.016,0.984,,5089893,,
1,0,,0.57,0.43,,6314246,,
1,1,,0.136,0.864,,5887748,,
1,0,,0.806,0.194,,6251539,,
1,1,,0.184,0.816,,5913055,,
1,1,,0.034,0.966,,5094513,,
1,1,,0.29,0.71,,5745359,,
1,0,,0.552,0.448,,6307875,,
1,1,,0.172,0.828,,6174834,,
1,0,,0.586,0.414,,6423110,,
1,1,,0.088,0.912,,5619466,,
1,1,,0.13,0.87,,6079645,,
1,1,,0.068,0.932,,5255784,,
1,0,,0.8,0.2,,6177950,,
1,0,,0.662,0.338,,6222255,,
1,1,,0.43,0.57,,5854565,,
1,1,,0.098,0.902,,5367603,,
1,1,,0.114,0.886,,5366111,,
1,1,,0.028,0.972,,5116333,,
1,1,,0.288,0.712,,6326639,,
1,1,,0.092,0.908,,5326066,,
1,1,,0.392,0.608,,6177850,,
1,1,,0.016,0.984,,5109831,,
1,1,,0.124,0.876,,5656424,,
1,1,,0.018,0.982,,5175573,,
1,1,,0.012,0.988,,5058304,,
1,1,,0.488,0.512,,6202466,,
1,0,,0.544,0.456,,6720989,,
1,1,,0.012,0.988,,5046902,,
1,1,,0.05,0.95,,5545686,,
1,1,,0.016,0.984,,5120491,,
1,1,,0.082,0.918,,5896764,,
1,1,,0.148,0.852,,5753907,,
1,1,,0.052,0.948,,5503147,,
1,1,,0.194,0.806,,5830490,,
1,1,,0.13,0.87,,5689507,,
1,1,,0.02,0.98,,5110391,,
1,1,,0.096,0.904,,5289097,,
1,1,,0.136,0.864,,5402619,,
1,1,,0.176,0.824,,5631717,,
1,1,,0.072,0.928,,5770198,,
1,1,,0.024,0.976,,5078061,,
1,1,,0.14,0.86,,5695898,,
1,1,,0.356,0.644,,5753217,,
1,1,,0.018,0.982,,5088791,,
1,1,,0.036,0.964,,5156076,,
1,1,,0.134,0.866,,5902075,,
1,1,,0.024,0.976,,5070997,,
1,1,,0.094,0.906,,5506724,,
1,0,,0.804,0.196,,6261838,,
1,1,,0.034,0.966,,5055338,,
1,0,,0.578,0.422,,6377314,,
1,1,,0.038,0.962,,5081106,,
1,1,,0.16,0.84,,5560014,,
1,1,,0.194,0.806,,6337329,,
1,1,,0.408,0.592,,6188000,,
1,1,,0.262,0.738,,6507489,,
1,1,,0.396,0.604,,6007911,,
1,1,,0.036,0.964,,5068243,,
1,1,,0.46,0.54,,5967996,,
1,1,,0.148,0.852,,5895863,,
1,1,,0.112,0.888,,5596292,,
1,1,,0.05,0.95,,5148431,,
1,0,,0.542,0.458,,6170538,,
1,1,,0.022,0.978,,5081155,,
1,0,,0.834,0.166,,5740202,,
1,1,,0.134,0.866,,5368987,,
1,1,,0.314,0.686,,5669929,,
1,1,,0.072,0.928,,5683015,,
1,1,,0.498,0.502,,6108319,,
1,1,,0.01,0.99,,5051462,,
1,1,,0.494,0.506,,6166921,,
1,1,,0.48,0.52,,6113930,,
1,1,,0.204,0.796,,6233146,,
1,1,,0.322,0.678,,5868270,,
1,1,,0.106,0.894,,5581474,,
1,0,,0.864,0.136,,5678385,,
1,1,,0.052,0.948,,5536148,,
1,1,,0.36,0.64,,6389077,,
1,0,,0.576,0.424,,6608937,,
1,1,,0.102,0.898,,5767553,,
1,1,,0.116,0.884,,5510410,,
1,1,,0.022,0.978,,5119529,,
1,1,,0.018,0.982,,5057042,,
1,1,,0.288,0.712,,6422398,,
1,1,,0.06,0.94,,5129848,,
1,1,,0.054,0.946,,5341725,,
1,1,,0.026,0.974,,5096605,,
1,1,,0.014,0.986,,5063454,,
1,1,,0.274,0.726,,5785936,,
1,1,,0.02,0.98,,5076849,,
1,1,,0.376,0.624,,6194713,,
1,1,,0.132,0.868,,5626868,,
1,0,,0.598,0.402,,9806868,,
1,1,,0.084,0.916,,6195594,,
1,1,,0.14,0.86,,5857251,,
1,1,,0.482,0.518,,6318673,,
1,1,,0.018,0.982,,5108769,,
1,1,,0.044,0.956,,5133947,,
1,1,,0.036,0.964,,5217130,,
1,0,,0.89,0.11,,5881756,,
1,1,,0.494,0.506,,6048829,,
1,1,,0.06,0.94,,5589479,,
1,1,,0.284,0.716,,5782681,,
1,1,,0.188,0.812,,5978857,,
1,1,,0.026,0.974,,5121824,,
1,1,,0.086,0.914,,5579440,,
1,1,,0.454,0.546,,6221453,,
1,1,,0.008,0.992,,5050740,,
1,1,,0.144,0.856,,5792317,,
1,1,,0.05,0.95,,5478382,,
1,1,,0.34,0.66,,5958750,,
1,1,,0.074,0.926,,5645835,,
1,1,,0.268,0.732,,5601462,,
1,0,,0.712,0.288,,6343590,,
1,1,,0.346,0.654,,5758485,,
1,1,,0.042,0.958,,5181345,,
1,1,,0.11,0.89,,5293163,,
1,1,,0.006,0.994,,5294928,,
1,1,,0.032,0.968,,5062951,,
1,1,,0.198,0.802,,6362227,,
1,1,,0.116,0.884,,5805364,,
1,1,,0.46,0.54,,6213386,,
1,1,,0.056,0.944,,5800064,,
1,1,,0.412,0.588,,6329974,,
1,1,,0.014,0.986,,5127655,,
1,1,,0.07,0.93,,5530679,,
1,1,,0.008,0.992,,5071528,,
1,1,,0.054,0.946,,5497507,,
1,1,,0.014,0.986,,5351864,,
1,1,,0.066,0.934,,5297360,,
1,1,,0.06,0.94,,5502827,,
1,1,,0.02,0.98,,5133443,,
1,1,,0.364,0.636,,5968910,,
1,1,,0.01,0.99,,5029741,,
1,1,,0.016,0.984,,5082669,,
1,1,,0.06,0.94,,5812598,,
1,1,,0.46,0.54,,6385077,,
1,0,,0.618,0.382,,6231442,,
1,1,,0.116,0.884,,5358637,,
1,1,,0.012,0.988,,5089402,,
1,1,,0.046,0.954,,5083292,,
1,0,,0.772,0.228,,6271026,,
1,0,,0.556,0.444,,6306541,,
1,1,,0.022,0.978,,5177407,,
1,1,,0.124,0.876,,5296790,,
1,1,,0.034,0.966,,5127404,,
1,1,,0.192,0.808,,6180225,,
1,1,,0.118,0.882,,5912343,,
1,1,,0.044,0.956,,5116674,,
1,1,,0.154,0.846,,5964860,,
1,1,,0.112,0.888,,5561006,,
1,1,,0.084,0.916,,5234054,,
1,1,,0.094,0.906,,5870915,,
1,1,,0.07,0.93,,5414903,,
1,1,,0.018,0.982,,5080344,,
1,1,,0.04,0.96,,5215740,,
1,0,,0.804,0.196,,6166951,,
1,1,,0.428,0.572,,6187708,,
1,1,,0.022,0.978,,5420113,,
1,1,,0.102,0.898,,5493018,,
1,1,,0.01,0.99,,5123226,,
1,1,,0.012,0.988,,5090695,,
1,1,,0.054,0.946,,5436150,,
1,1,,0.394,0.606,,5938162,,
1,1,,0.02,0.98,,5078402,,
1,1,,0.072,0.928,,5040870,,
1,1,,0.226,0.774,,6115625,,
1,1,,0.1,0.9,,5479422,,
1,0,,0.848,0.152,,5895503,,
1,1,,0.052,0.948,,5168240,,
1,1,,0.01,0.99,,5037855,,
1,1,,0.072,0.928,,5580743,,
1,1,,0.054,0.946,,5231668,,
1,1,,0.22,0.78,,5451371,,
1,1,,0.16,0.84,,5921060,,
1,1,,0.202,0.798,,5859453,,
1,1,,0.024,0.976,,5283556,,
1,1,,0.052,0.948,,5386569,,
1,1,,0.17,0.83,,5841079,,
1,1,,0.228,0.772,,5823238,,
1,1,,0.016,0.984,,5090192,,
1,1,,0.17,0.83,,5674188,,
1,1,,0.052,0.948,,5689677,,
1,1,,0.02,0.98,,5056419,,
1,1,,0.128,0.872,,5834969,,
1,1,,0.41,0.59,,6040663,,
1,1,,0.078,0.922,,5162430,,
1,0,,0.768,0.232,,6263171,,
1,1,,0.02,0.98,,5058864,,
1,1,,0.024,0.976,,5078251,,
1,1,,0.022,0.978,,5744618,,
1,0,,0.776,0.224,,6125944,,
1,1,,0.018,0.982,,5126392,,
1,1,,0.022,0.978,,5185481,,
1,1,,0.012,0.988,,5057694,,
1,1,,0.276,0.724,,5816364,,
1,0,,0.51,0.49,,6153815,,
1,1,,0.15,0.85,,6045864,,
1,0,,0.578,0.422,,6551950,,
1,0,,0.54,0.46,,6579734,,
1,1,,0.136,0.864,,5698843,,
1,1,,0.022,0.978,,5121081,,
1,1,,0.24,0.76,,6076250,,
1,0,,0.664,0.336,,6379749,,
1,1,,0.142,0.858,,5340663,,
1,1,,0.15,0.85,,5689154,,
1,1,,0.116,0.884,,5813689,,
1,1,,0.01,0.99,,5038957,,
1,1,,0.114,0.886,,5287202,,
1,0,,0.688,0.312,,6340887,,
1,1,,0.026,0.974,,5373603,,
1,1,,0.298,0.702,,5780787,,
1,1,,0.166,0.834,,5948983,,
1,1,,0.04,0.96,,5476736,,
1,1,,0.02,0.98,,5101485,,
1,1,,0.106,0.894,,5629683,,
1,1,,0.002,0.998,,5089252,,
1,1,,0.016,0.984,,5098319,,
1,1,,0.018,0.982,,5062201,,
1,0,,0.538,0.462,,6190364,,
1,1,,0.118,0.882,,5324552,,
1,0,,0.54,0.46,,6257860,,
1,1,,0.196,0.804,,6203600,,
1,1,,0.012,0.988,,5070656,,
1,1,,0.146,0.854,,5620307,,
1,1,,0.408,0.592,,6454128,,
1,1,,0.212,0.788,,5854485,,
1,1,,0.132,0.868,,6084847,,
1,1,,0.218,0.782,,5778631,,
1,1,,0.188,0.812,,5894961,,
1,1,,0.188,0.812,,5653369,,
1,1,,0.124,0.876,,5840759,,
1,1,,0.016,0.984,,5046132,,
1,1,,0.39,0.61,,6562761,,
1,1,,0.01,0.99,,5124528,,
1,1,,0.092,0.908,,5292062,,
1,1,,0.026,0.974,,5152018,,
1,1,,0.024,0.976,,5388103,,
1,1,,0.322,0.678,,6394957,,
1,1,,0.458,0.542,,6215973,,
1,1,,0.022,0.978,,5155155,,
1,1,,0.03,0.97,,5376399,,
1,0,,0.566,0.434,,6512428,,
1,0,,0.964,0.036,,5643309,,
1,1,,0.024,0.976,,5368275,,
1,1,,0.298,0.702,,5702510,,
1,1,,0.156,0.844,,5910139,,
1,1,,0.024,0.976,,5210359,,
1,1,,0.014,0.986,,5090514,,
1,1,,0.014,0.986,,5137431,,
1,1,,0.022,0.978,,5174302,,
1,1,,0.026,0.974,,5160975,,
1,1,,0.016,0.984,,5142422,,
1,1,,0.086,0.914,,5602734,,
1,1,,0.006,0.994,,5059605,,
1,1,,0.046,0.954,,5201282,,
1,1,,0.012,0.988,,5083821,,
1,1,,0.142,0.858,,5578629,,
1,0,,0.724,0.276,,6499203,,
1,1,,0.152,0.848,,5893056,,
1,1,,0.038,0.962,,5112536,,
1,1,,0.024,0.976,,5120229,,
1,1,,0.014,0.986,,5080196,,
1,1,,0.094,0.906,,5861069,,
1,1,,0.014,0.986,,5068742,,
1,1,,0.02,0.98,,5408500,,
1,1,,0.08,0.92,,5755990,,
1,1,,0.138,0.862,,5507786,,
1,1,,0.17,0.83,,6212276,,
1,1,,0.01,0.99,,5121632,,
1,0,,0.502,0.498,,6265024,,
1,1,,0.32,0.68,,5826363,,
1,1,,0.034,0.966,,5315074,,
1,1,,0.4,0.6,,6123760,,
1,1,,0.048,0.952,,5449074,,
1,1,,0.192,0.808,,5830912,,
1,1,,0.208,0.792,,5686381,,
1,1,,0.16,0.84,,6061732,,
1,1,,0.026,0.974,,5142533,,
1,1,,0.14,0.86,,5640764,,
1,1,,0.42,0.58,,6202437,,
1,1,,0.016,0.984,,5130660,,
1,1,,0.036,0.964,,5439226,,
1,1,,0.456,0.544,,6319768,,
1,1,,0.234,0.766,,6007701,,
1,1,,0.026,0.974,,5351964,,
1,1,,0.044,0.956,,5383092,,
1,1,,0.016,0.984,,5074684,,
1,1,,0.146,0.854,,6100777,,
1,1,,0.01,0.99,,5295769,,
1,1,,0.09,0.91,,5458122,,
1,1,,0.018,0.982,,5087258,,
1,1,,0.206,0.794,,5601070,,
1,1,,0.042,0.958,,5456380,,
1,1,,0.13,0.87,,5609316,,
1,1,,0.024,0.976,,5092797,,
1,1,,0.032,0.968,,5210951,,
1,1,,0.11,0.89,,5848694,,
1,1,,0.002,0.998,,5121312,,
1,1,,0.108,0.892,,5732728,,
1,1,,0.044,0.956,,5137100,,
1,1,,0.11,0.89,,5543143,,
1,1,,0.006,0.994,,5038085,,
1,1,,0.062,0.938,,5167048,,
1,1,,0.154,0.846,,5875405,,
1,1,,0.02,0.98,,5095964,,
1,1,,0.384,0.616,,6277167,,
1,1,,0.014,0.986,,5066570,,
1,1,,0.246,0.754,,5711737,,
1,0,,0.92,0.08,,5816124,,
1,1,,0.31,0.69,,6339583,,
1,0,,0.664,0.336,,6329375,,
1,1,,0.056,0.944,,5564953,,
1,1,,0.016,0.984,,5115851,,
1,1,,0.022,0.978,,5104942,,
1,0,,0.798,0.202,,6307873,,
1,1,,0.036,0.964,,5019732,,
1,0,,0.564,0.436,,6565557,,
1,1,,0.078,0.922,,5426764,,
1,1,,0.01,0.99,,5056210,,
1,1,,0.396,0.604,,5929224,,
1,1,,0.014,0.986,,5112325,,
1,1,,0.016,0.984,,5160205,,
1,1,,0.016,0.984,,5052632,,
1,1,,0.204,0.796,,5860558,,
1,1,,0.184,0.816,,5582206,,
1,1,,0.198,0.802,,5660220,,
1,1,,0.128,0.872,,5282584,,
1,1,,0.13,0.87,,5539153,,
1,0,,0.718,0.282,,6230150,,
1,1,,0.024,0.976,,5155727,,
1,1,,0.132,0.868,,5421463,,
1,0,,0.82,0.18,,6215111,,
1,1,,0.096,0.904,,5473571,,
1,1,,0.09,0.91,,5525189,,
1,1,,0.026,0.974,,5041673,,
1,1,,0.362,0.638,,6010586,,
1,0,,0.57,0.43,,6195414,,
1,1,,0.018,0.982,,5124206,,
1,1,,0.12,0.88,,5946678,,
1,1,,0.026,0.974,,5149195,,
1,0,,0.84,0.16,,5885602,,
1,1,,0.478,0.522,,6575807,,
1,0,,0.58,0.42,,7494035,,
1,1,,0.112,0.888,,6789117,,
1,1,,0.096,0.904,,5545976,,
1,0,,0.604,0.396,,10910887,,
1,1,,0.01,0.99,,5362072,,
1,1,,0.312,0.688,,6122527,,
1,1,,0.134,0.866,,5740260,,
1,1,,0.108,0.892,,5884091,,
1,1,,0.1,0.9,,5931620,,
1,0,,0.628,0.372,,6372805,,
1,0,,0.56,0.44,,6637693,,
1,1,,0.222,0.778,,6109181,,