FreezerSmallTrain,TS-CHIEF,test,3,NANOSECONDS,PREDICTIONS, Generated by Experiments.java on 2021-03-18 22:43:02.    SYSTEMPROPERTIES:{user.name:jomeh,os.arch:amd64,os.name:Linux},ENDSYSTEMPROPERTIES
No parameter info
0.9964912280701754,5601000000,210552959214,0,327433232,2,,-1,-1
0,0,,0.828,0.172,,79073829,,
0,0,,0.852,0.148,,74782605,,
0,0,,0.998,0.002,,74372276,,
0,0,,0.996,0.004,,74297967,,
0,0,,0.808,0.192,,74453318,,
0,0,,0.998,0.002,,74247023,,
0,0,,0.948,0.052,,75730700,,
0,0,,0.998,0.002,,74271668,,
0,0,,0.992,0.008,,74488804,,
0,0,,0.978,0.022,,74311994,,
0,0,,0.996,0.004,,74124974,,
0,0,,0.998,0.002,,73974411,,
0,0,,0.99,0.01,,75376367,,
0,0,,0.912,0.088,,74173244,,
0,0,,0.976,0.024,,74236523,,
0,0,,1,0,,74281216,,
0,0,,0.898,0.102,,73945357,,
0,0,,0.994,0.006,,73881748,,
0,0,,0.8,0.2,,76051050,,
0,0,,0.998,0.002,,73874365,,
0,0,,0.996,0.004,,73668018,,
0,0,,0.886,0.114,,73639594,,
0,0,,0.936,0.064,,73498029,,
0,0,,0.94,0.06,,73692484,,
0,0,,0.998,0.002,,73833328,,
0,0,,0.9,0.1,,81332548,,
0,0,,0.994,0.006,,74362418,,
0,0,,0.996,0.004,,74315020,,
0,0,,0.916,0.084,,74762928,,
0,0,,0.998,0.002,,74839029,,
0,0,,0.994,0.006,,74167854,,
0,0,,0.974,0.026,,76178669,,
0,0,,1,0,,74554007,,
0,0,,0.998,0.002,,74989773,,
0,0,,1,0,,74647210,,
0,0,,0.992,0.008,,74174376,,
0,0,,1,0,,74533859,,
0,0,,0.998,0.002,,79341561,,
0,0,,0.94,0.06,,77040792,,
0,0,,0.996,0.004,,74517118,,
0,0,,0.938,0.062,,74569186,,
0,0,,0.926,0.074,,74743712,,
0,0,,0.96,0.04,,74570147,,
0,0,,0.97,0.03,,74809133,,
0,0,,0.954,0.046,,76291249,,
0,0,,0.942,0.058,,74650088,,
0,0,,0.846,0.154,,74522879,,
0,0,,0.8,0.2,,75389511,,
0,0,,0.996,0.004,,74647542,,
0,0,,0.948,0.052,,74578622,,
0,0,,1,0,,74497331,,
0,0,,0.988,0.012,,82835944,,
0,0,,0.99,0.01,,74444011,,
0,0,,0.986,0.014,,74486550,,
0,0,,0.93,0.07,,74455854,,
0,0,,0.958,0.042,,74612987,,
0,0,,0.996,0.004,,74469558,,
0,0,,0.998,0.002,,76578107,,
0,0,,0.99,0.01,,74059721,,
0,0,,0.974,0.026,,74913781,,
0,0,,0.94,0.06,,74480379,,
0,0,,0.944,0.056,,74460081,,
0,0,,0.992,0.008,,74400379,,
0,0,,0.988,0.012,,74205984,,
0,0,,0.918,0.082,,76237107,,
0,0,,0.948,0.052,,75215416,,
0,0,,1,0,,74690203,,
0,0,,0.944,0.056,,74586828,,
0,0,,0.964,0.036,,74673270,,
0,0,,0.962,0.038,,74681435,,
0,0,,0.994,0.006,,84404681,,
0,0,,0.99,0.01,,74337352,,
0,0,,0.914,0.086,,73976665,,
0,0,,0.992,0.008,,74577070,,
0,0,,0.998,0.002,,75783278,,
0,0,,0.998,0.002,,74225322,,
0,0,,0.992,0.008,,74404838,,
0,0,,0.934,0.066,,77511835,,
0,0,,0.962,0.038,,74551293,,
0,0,,1,0,,74518260,,
0,0,,0.962,0.038,,74558274,,
0,0,,0.998,0.002,,74356357,,
0,0,,0.996,0.004,,74242303,,
0,0,,0.96,0.04,,74676747,,
0,0,,0.94,0.06,,77875054,,
0,0,,0.96,0.04,,74724126,,
0,0,,0.992,0.008,,78261540,,
0,0,,0.98,0.02,,73397651,,
0,0,,0.998,0.002,,73305249,,
0,0,,0.782,0.218,,73388435,,
0,0,,0.998,0.002,,76100262,,
0,0,,0.994,0.006,,73194290,,
0,0,,0.958,0.042,,73283258,,
0,0,,0.962,0.038,,73359621,,
0,0,,0.964,0.036,,73407700,,
0,0,,1,0,,73258481,,
0,0,,0.982,0.018,,73390188,,
0,0,,0.884,0.116,,75049094,,
0,0,,0.974,0.026,,73398763,,
0,0,,0.998,0.002,,72827956,,
0,0,,0.994,0.006,,73204350,,
0,0,,0.998,0.002,,73034140,,
0,0,,0.988,0.012,,72371441,,
0,0,,0.982,0.018,,73363328,,
0,0,,0.998,0.002,,81138214,,
0,0,,0.998,0.002,,72769846,,
0,0,,1,0,,73327269,,
0,0,,0.988,0.012,,73409034,,
0,0,,0.9,0.1,,73510403,,
0,0,,0.93,0.07,,73793111,,
0,0,,0.956,0.044,,73466190,,
0,0,,0.996,0.004,,75015150,,
0,0,,0.994,0.006,,72873541,,
0,0,,0.994,0.006,,73050270,,
0,0,,0.99,0.01,,73560828,,
0,0,,1,0,,73461883,,
0,0,,1,0,,73341144,,
0,0,,0.968,0.032,,73475809,,
0,0,,0.994,0.006,,74728695,,
0,0,,0.794,0.206,,72858743,,
0,0,,0.862,0.138,,73365090,,
0,0,,0.988,0.012,,73425764,,
0,0,,0.956,0.044,,73344974,,
0,0,,0.996,0.004,,73025915,,
0,0,,0.926,0.074,,72393933,,
0,0,,1,0,,74283781,,
0,0,,1,0,,72815371,,
0,0,,0.936,0.064,,72956696,,
0,0,,0.988,0.012,,73303456,,
0,0,,0.99,0.01,,73026967,,
0,0,,0.956,0.044,,73542403,,
0,0,,0.972,0.028,,74866522,,
0,0,,0.826,0.174,,73539707,,
0,0,,0.998,0.002,,73388124,,
0,0,,1,0,,73415295,,
0,0,,0.998,0.002,,73221702,,
0,0,,0.998,0.002,,73112817,,
0,0,,0.97,0.03,,73339534,,
0,0,,0.996,0.004,,74319859,,
0,0,,0.924,0.076,,73350203,,
0,0,,0.9,0.1,,73213496,,
0,0,,1,0,,72923755,,
0,0,,0.968,0.032,,73538116,,
0,0,,0.958,0.042,,73580895,,
0,0,,0.92,0.08,,73477932,,
0,0,,0.99,0.01,,75204846,,
0,0,,0.998,0.002,,73171689,,
0,0,,0.97,0.03,,72774003,,
0,0,,0.982,0.018,,73484645,,
0,0,,0.95,0.05,,73369550,,
0,0,,0.99,0.01,,73333681,,
0,0,,0.996,0.004,,72785836,,
0,0,,0.948,0.052,,77930919,,
0,0,,0.998,0.002,,73471570,,
0,0,,0.944,0.056,,73386050,,
0,0,,0.91,0.09,,73320748,,
0,0,,0.982,0.018,,73443378,,
0,0,,0.826,0.174,,73573672,,
0,0,,1,0,,73080447,,
0,0,,1,0,,74741558,,
0,0,,0.998,0.002,,73223486,,
0,0,,0.988,0.012,,72883388,,
0,0,,0.928,0.072,,73067784,,
0,0,,0.996,0.004,,73022680,,
0,0,,0.996,0.004,,72987914,,
0,0,,0.988,0.012,,73070570,,
0,0,,1,0,,75512482,,
0,0,,0.99,0.01,,73206423,,
0,0,,0.942,0.058,,73014714,,
0,0,,0.984,0.016,,73510594,,
0,0,,0.878,0.122,,73183130,,
0,0,,0.972,0.028,,73360532,,
0,0,,0.998,0.002,,73301151,,
0,0,,0.772,0.228,,75540635,,
0,0,,0.998,0.002,,73345123,,
0,0,,0.982,0.018,,73366954,,
0,0,,0.956,0.044,,73471540,,
0,0,,0.982,0.018,,73404364,,
0,0,,1,0,,73330436,,
0,0,,0.932,0.068,,73678578,,
0,0,,0.904,0.096,,75581270,,
0,0,,0.966,0.034,,73629816,,
0,0,,0.846,0.154,,73388484,,
0,0,,0.992,0.008,,73521354,,
0,0,,1,0,,73571206,,
0,0,,0.904,0.096,,73598748,,
0,0,,1,0,,73253463,,
0,0,,0.95,0.05,,75449213,,
0,0,,1,0,,73488993,,
0,0,,0.892,0.108,,73682034,,
0,0,,0.982,0.018,,73503330,,
0,0,,0.906,0.094,,73544747,,
0,0,,0.982,0.018,,72979398,,
0,0,,0.976,0.024,,73444280,,
0,0,,0.99,0.01,,76775386,,
0,0,,0.994,0.006,,73633224,,
0,0,,0.992,0.008,,73172740,,
0,0,,0.976,0.024,,73255266,,
0,0,,0.984,0.016,,73328362,,
0,0,,0.998,0.002,,73494812,,
0,0,,0.99,0.01,,73439861,,
0,0,,0.992,0.008,,73216543,,
0,0,,0.884,0.116,,75090731,,
0,0,,0.97,0.03,,73226823,,
0,0,,0.994,0.006,,73134970,,
0,0,,0.884,0.116,,73016568,,
0,0,,1,0,,73068585,,
0,0,,0.988,0.012,,72887427,,
0,0,,0.694,0.306,,72894790,,
0,0,,0.99,0.01,,74767897,,
0,0,,0.922,0.078,,73550098,,
0,0,,0.834,0.166,,73450009,,
0,0,,0.988,0.012,,73276074,,
0,0,,0.884,0.116,,73440302,,
0,0,,0.962,0.038,,73111876,,
0,0,,0.998,0.002,,73349521,,
0,0,,0.992,0.008,,83169718,,
0,0,,0.986,0.014,,73446412,,
0,0,,0.986,0.014,,73793222,,
0,0,,0.994,0.006,,73624357,,
0,0,,1,0,,73343319,,
0,0,,0.984,0.016,,72897034,,
0,0,,0.996,0.004,,73044762,,
0,0,,0.996,0.004,,74620952,,
0,0,,0.976,0.024,,72932891,,
0,0,,0.948,0.052,,73039962,,
0,0,,1,0,,73049419,,
0,0,,0.974,0.026,,73159255,,
0,0,,0.996,0.004,,72747334,,
0,0,,0.944,0.056,,72603043,,
0,0,,0.988,0.012,,76860726,,
0,0,,0.988,0.012,,73293027,,
0,0,,0.988,0.012,,73170737,,
0,0,,0.936,0.064,,72895651,,
0,0,,1,0,,72969470,,
0,0,,1,0,,73156760,,
0,0,,0.81,0.19,,73034722,,
0,0,,1,0,,75079611,,
0,0,,1,0,,73243624,,
0,0,,0.962,0.038,,73389545,,
0,0,,0.96,0.04,,73786821,,
0,0,,0.99,0.01,,73420986,,
0,0,,0.668,0.332,,72964971,,
0,0,,0.912,0.088,,72959231,,
0,0,,1,0,,74681175,,
0,0,,0.988,0.012,,72686269,,
0,0,,0.992,0.008,,72587144,,
0,0,,0.924,0.076,,73072634,,
0,0,,0.924,0.076,,73023180,,
0,0,,0.984,0.016,,72902986,,
0,0,,0.968,0.032,,72948420,,
0,0,,1,0,,75934712,,
0,0,,0.994,0.006,,73468765,,
0,0,,0.998,0.002,,73431004,,
0,0,,0.998,0.002,,73452034,,
0,0,,0.9,0.1,,73089584,,
0,0,,0.972,0.028,,73409855,,
0,0,,0.99,0.01,,73711299,,
0,0,,0.862,0.138,,75945952,,
0,0,,0.998,0.002,,73002282,,
0,0,,0.964,0.036,,72813699,,
0,0,,0.99,0.01,,73577567,,
0,0,,0.882,0.118,,73148986,,
0,0,,0.998,0.002,,72843265,,
0,0,,0.974,0.026,,73116354,,
0,0,,0.956,0.044,,72967287,,
0,0,,0.994,0.006,,81107667,,
0,0,,0.954,0.046,,73600552,,
0,0,,0.996,0.004,,73432677,,
0,0,,1,0,,73242331,,
0,0,,0.994,0.006,,73110414,,
0,0,,0.9,0.1,,73437035,,
0,0,,0.996,0.004,,73586345,,
0,0,,0.954,0.046,,79796402,,
0,0,,0.996,0.004,,73238825,,
0,0,,0.904,0.096,,72888618,,
0,0,,0.956,0.044,,73302634,,
0,0,,0.992,0.008,,73328092,,
0,0,,1,0,,73261286,,
0,0,,0.978,0.022,,73186877,,
0,0,,0.984,0.016,,75172445,,
0,0,,0.984,0.016,,73425504,,
0,0,,0.89,0.11,,73353889,,
0,0,,0.988,0.012,,72945366,,
0,0,,0.932,0.068,,73053647,,
0,0,,0.796,0.204,,73114281,,
0,0,,0.994,0.006,,72938944,,
0,0,,1,0,,74824493,,
0,0,,0.952,0.048,,73232221,,
0,0,,0.996,0.004,,72786548,,
0,0,,0.998,0.002,,72622139,,
0,0,,0.992,0.008,,72546478,,
0,0,,0.936,0.064,,72772241,,
0,0,,0.85,0.15,,73418460,,
0,0,,1,0,,75316865,,
0,0,,0.896,0.104,,73550328,,
0,0,,0.878,0.122,,73921973,,
0,0,,0.992,0.008,,73550287,,
0,0,,0.964,0.036,,73699647,,
0,0,,0.974,0.026,,73576187,,
0,0,,0.99,0.01,,73276864,,
0,0,,0.994,0.006,,75740007,,
0,0,,0.908,0.092,,73405527,,
0,0,,1,0,,73112977,,
0,0,,0.964,0.036,,73082192,,
0,0,,0.966,0.034,,72841741,,
0,0,,0.964,0.036,,73018692,,
0,0,,0.99,0.01,,73062825,,
0,0,,0.968,0.032,,73470066,,
0,0,,0.98,0.02,,74570117,,
0,0,,1,0,,73069879,,
0,0,,0.99,0.01,,73569504,,
0,0,,0.996,0.004,,73716529,,
0,0,,0.942,0.058,,73826986,,
0,0,,0.992,0.008,,73452244,,
0,0,,0.97,0.03,,73602815,,
0,0,,0.972,0.028,,74890276,,
0,0,,0.966,0.034,,73703294,,
0,0,,0.924,0.076,,73812759,,
0,0,,0.882,0.118,,73757324,,
0,0,,0.982,0.018,,73536923,,
0,0,,0.998,0.002,,73313343,,
0,0,,0.998,0.002,,73679239,,
0,0,,1,0,,75192833,,
0,0,,0.992,0.008,,73393154,,
0,0,,0.812,0.188,,73275402,,
0,0,,0.982,0.018,,73477372,,
0,0,,0.934,0.066,,73813330,,
0,0,,0.918,0.082,,73269972,,
0,0,,0.994,0.006,,73472162,,
0,0,,0.968,0.032,,81718430,,
0,0,,0.984,0.016,,73581677,,
0,0,,0.854,0.146,,73461181,,
0,0,,0.986,0.014,,73179633,,
0,0,,0.99,0.01,,73478965,,
0,0,,0.978,0.022,,73716599,,
0,0,,0.996,0.004,,73638351,,
0,0,,0.992,0.008,,75044776,,
0,0,,1,0,,73826746,,
0,0,,0.988,0.012,,73708403,,
0,0,,1,0,,73401580,,
0,0,,0.942,0.058,,73154656,,
0,0,,0.956,0.044,,73160327,,
0,0,,0.996,0.004,,73408252,,
0,0,,0.996,0.004,,73253211,,
0,0,,1,0,,80250693,,
0,0,,0.742,0.258,,73036855,,
0,0,,0.926,0.074,,73310349,,
0,0,,0.988,0.012,,72905702,,
0,0,,0.956,0.044,,72898716,,
0,0,,0.914,0.086,,72995530,,
0,0,,0.942,0.058,,72786446,,
0,0,,0.982,0.018,,74348492,,
0,0,,0.98,0.02,,72917002,,
0,0,,0.996,0.004,,73205921,,
0,0,,0.956,0.044,,73623495,,
0,0,,0.994,0.006,,73219218,,
0,0,,0.988,0.012,,73123598,,
0,0,,1,0,,73296362,,
0,0,,0.972,0.028,,75798637,,
0,0,,0.974,0.026,,73221172,,
0,0,,0.998,0.002,,73487459,,
0,0,,0.97,0.03,,73184573,,
0,0,,0.972,0.028,,73247832,,
0,0,,0.918,0.082,,73451231,,
0,0,,0.99,0.01,,72787780,,
0,0,,0.994,0.006,,78887540,,
0,0,,0.992,0.008,,73382963,,
0,0,,0.988,0.012,,73133888,,
0,0,,0.954,0.046,,73532635,,
0,0,,0.992,0.008,,73045422,,
0,0,,1,0,,73141933,,
0,0,,0.91,0.09,,72647387,,
0,0,,0.948,0.052,,76242768,,
0,0,,0.936,0.064,,73545228,,
0,0,,0.998,0.002,,73106246,,
0,0,,0.99,0.01,,73681683,,
0,0,,0.936,0.064,,73413402,,
0,0,,0.998,0.002,,73409804,,
0,0,,0.99,0.01,,73689808,,
0,0,,0.976,0.024,,75802334,,
0,0,,0.996,0.004,,73293137,,
0,0,,0.908,0.092,,73336748,,
0,0,,0.896,0.104,,73205611,,
0,0,,0.986,0.014,,73415957,,
0,0,,0.994,0.006,,73403712,,
0,0,,0.79,0.21,,73458436,,
0,0,,0.998,0.002,,73620059,,
0,0,,0.824,0.176,,75312475,,
0,0,,0.994,0.006,,72952037,,
0,0,,0.954,0.046,,72999817,,
0,0,,0.904,0.096,,73076761,,
0,0,,0.952,0.048,,73007682,,
0,0,,0.968,0.032,,73180976,,
0,0,,0.998,0.002,,72589348,,
0,0,,0.954,0.046,,74329006,,
0,0,,0.992,0.008,,73553413,,
0,0,,0.836,0.164,,73594921,,
0,0,,0.99,0.01,,73224769,,
0,0,,1,0,,73508768,,
0,0,,0.998,0.002,,73145721,,
0,0,,0.99,0.01,,73294900,,
0,0,,0.944,0.056,,74712973,,
0,0,,0.998,0.002,,73242101,,
0,0,,0.964,0.036,,73037086,,
0,0,,0.992,0.008,,73558652,,
0,0,,0.942,0.058,,73108982,,
0,0,,0.99,0.01,,73032698,,
0,0,,1,0,,72963729,,
0,0,,1,0,,74639047,,
0,0,,0.908,0.092,,72733238,,
0,0,,0.988,0.012,,72803028,,
0,0,,0.994,0.006,,73091730,,
0,0,,0.984,0.016,,73150367,,
0,0,,0.946,0.054,,73103982,,
0,0,,0.99,0.01,,72851910,,
0,0,,0.978,0.022,,73469044,,
0,0,,1,0,,75522330,,
0,0,,0.954,0.046,,73297173,,
0,0,,0.91,0.09,,73743849,,
0,0,,0.874,0.126,,73578982,,
0,0,,0.996,0.004,,73198128,,
0,0,,0.992,0.008,,73520682,,
0,0,,0.966,0.034,,73729784,,
0,0,,0.926,0.074,,75007685,,
0,0,,0.992,0.008,,73582959,,
0,0,,0.858,0.142,,73758639,,
0,0,,0.984,0.016,,73451552,,
0,0,,0.998,0.002,,73086389,,
0,0,,0.942,0.058,,73090988,,
0,0,,0.99,0.01,,73441654,,
0,0,,0.95,0.05,,74426508,,
0,0,,0.992,0.008,,73223867,,
0,0,,0.942,0.058,,72839386,,
0,0,,0.984,0.016,,73243063,,
0,0,,0.85,0.15,,73010658,,
0,0,,0.99,0.01,,73007210,,
0,0,,0.926,0.074,,73402622,,
0,0,,0.968,0.032,,75300704,,
0,0,,0.986,0.014,,73485076,,
0,0,,0.91,0.09,,73831104,,
0,0,,0.98,0.02,,73756994,,
0,0,,0.94,0.06,,73634094,,
0,0,,0.98,0.02,,73549126,,
0,0,,0.824,0.176,,73718932,,
0,0,,0.974,0.026,,75220245,,
0,0,,1,0,,73863765,,
0,0,,1,0,,73570395,,
0,0,,0.996,0.004,,73339673,,
0,0,,1,0,,73389727,,
0,0,,0.952,0.048,,72690598,,
0,0,,0.99,0.01,,73194200,,
0,0,,1,0,,73204651,,
0,0,,0.976,0.024,,74767655,,
0,0,,0.972,0.028,,73334845,,
0,0,,1,0,,72925106,,
0,0,,0.996,0.004,,73246900,,
0,0,,0.938,0.062,,73160238,,
0,0,,0.884,0.116,,73570355,,
0,0,,0.9,0.1,,73717210,,
0,0,,0.962,0.038,,75368182,,
0,0,,1,0,,73584312,,
0,0,,0.976,0.024,,73484884,,
0,0,,0.904,0.096,,73715598,,
0,0,,0.942,0.058,,73537583,,
0,0,,0.998,0.002,,73458016,,
0,0,,0.9,0.1,,73709496,,
0,0,,0.986,0.014,,74918239,,
0,0,,0.976,0.024,,73269000,,
0,0,,0.994,0.006,,73174264,,
0,0,,0.964,0.036,,73618023,,
0,0,,0.992,0.008,,73014906,,
0,0,,0.998,0.002,,72851308,,
0,0,,0.942,0.058,,73241660,,
0,0,,0.926,0.074,,75472317,,
0,0,,0.918,0.082,,73032007,,
0,0,,0.972,0.028,,73186856,,
0,0,,0.986,0.014,,72940746,,
0,0,,0.978,0.022,,72537820,,
0,0,,0.988,0.012,,73235739,,
0,0,,1,0,,73509451,,
0,0,,0.99,0.01,,74889854,,
0,0,,1,0,,73431015,,
0,0,,0.994,0.006,,73322440,,
0,0,,1,0,,73339212,,
0,0,,0.928,0.072,,72819900,,
0,0,,0.882,0.118,,73121724,,
0,0,,0.938,0.062,,73030345,,
0,0,,0.99,0.01,,73723242,,
0,0,,0.986,0.014,,81369708,,
0,0,,0.912,0.088,,73580193,,
0,0,,0.998,0.002,,73381792,,
0,0,,0.836,0.164,,72724903,,
0,0,,0.996,0.004,,72789261,,
0,0,,0.898,0.102,,73262589,,
0,0,,0.918,0.082,,72768923,,
0,0,,0.998,0.002,,76018719,,
0,0,,0.998,0.002,,72963329,,
0,0,,0.976,0.024,,72809500,,
0,0,,0.996,0.004,,72558530,,
0,0,,0.996,0.004,,73071231,,
0,0,,0.998,0.002,,73347817,,
0,0,,1,0,,73381042,,
0,0,,0.998,0.002,,75210795,,
0,0,,1,0,,72947018,,
0,0,,0.996,0.004,,73245827,,
0,0,,0.996,0.004,,73103100,,
0,0,,0.998,0.002,,73089956,,
0,0,,0.996,0.004,,73354050,,
0,0,,0.89,0.11,,73239365,,
0,0,,0.998,0.002,,76180392,,
0,0,,0.94,0.06,,73423620,,
0,0,,0.978,0.022,,73352347,,
0,0,,0.992,0.008,,72887467,,
0,0,,0.998,0.002,,73150658,,
0,0,,0.836,0.164,,73550207,,
0,0,,0.986,0.014,,72781598,,
0,0,,0.99,0.01,,79623719,,
0,0,,0.942,0.058,,76520248,,
0,0,,0.994,0.006,,73165446,,
0,0,,0.98,0.02,,73433389,,
0,0,,0.996,0.004,,73665441,,
0,0,,0.952,0.048,,73774428,,
0,0,,0.974,0.026,,73501195,,
0,0,,1,0,,73176958,,
0,0,,0.994,0.006,,75107533,,
0,0,,0.978,0.022,,73358237,,
0,0,,0.788,0.212,,73410847,,
0,0,,0.99,0.01,,73315279,,
0,0,,0.932,0.068,,73603145,,
0,0,,0.89,0.11,,72880234,,
0,0,,0.868,0.132,,73550298,,
0,0,,0.826,0.174,,74753359,,
0,0,,0.988,0.012,,72728730,,
0,0,,0.994,0.006,,72827874,,
0,0,,0.998,0.002,,73398754,,
0,0,,0.954,0.046,,73573962,,
0,0,,0.874,0.126,,72765838,,
0,0,,0.986,0.014,,73071542,,
0,0,,0.99,0.01,,79588272,,
0,0,,0.782,0.218,,73583199,,
0,0,,0.986,0.014,,73430683,,
0,0,,0.944,0.056,,73372796,,
0,0,,0.98,0.02,,73685701,,
0,0,,0.998,0.002,,73129880,,
0,0,,0.942,0.058,,73247982,,
0,0,,1,0,,75059222,,
0,0,,0.994,0.006,,73278920,,
0,0,,0.934,0.066,,73565005,,
0,0,,0.944,0.056,,73560717,,
0,0,,0.992,0.008,,73287346,,
0,0,,1,0,,73393914,,
0,0,,0.884,0.116,,73612665,,
0,0,,0.97,0.03,,76292252,,
0,0,,0.926,0.074,,77155438,,
0,0,,0.996,0.004,,73183319,,
0,0,,0.958,0.042,,73095046,,
0,0,,0.978,0.022,,73182979,,
0,0,,0.978,0.022,,73005137,,
0,0,,0.886,0.114,,72543773,,
0,0,,0.994,0.006,,73388955,,
0,0,,0.992,0.008,,84154202,,
0,0,,0.954,0.046,,73220919,,
0,0,,0.962,0.038,,73186637,,
0,0,,0.962,0.038,,73601413,,
0,0,,0.98,0.02,,73429492,,
0,0,,0.992,0.008,,73281094,,
0,0,,0.952,0.048,,73498881,,
0,0,,0.992,0.008,,74967050,,
0,0,,0.87,0.13,,73243864,,
0,0,,0.994,0.006,,73470227,,
0,0,,1,0,,73520933,,
0,0,,0.982,0.018,,73407650,,
0,0,,0.994,0.006,,72623532,,
0,0,,0.85,0.15,,72986552,,
0,0,,0.992,0.008,,80002388,,
0,0,,0.992,0.008,,73188449,,
0,0,,0.846,0.154,,73574213,,
0,0,,0.762,0.238,,73303275,,
0,0,,0.956,0.044,,73130711,,
0,0,,1,0,,73162903,,
0,0,,0.934,0.066,,72812325,,
0,0,,0.972,0.028,,75289494,,
0,0,,0.934,0.066,,73420304,,
0,0,,0.918,0.082,,73071361,,
0,0,,0.906,0.094,,73582989,,
0,0,,0.992,0.008,,73143886,,
0,0,,0.944,0.056,,73427158,,
0,0,,0.928,0.072,,73539557,,
0,0,,0.802,0.198,,75453622,,
0,0,,0.966,0.034,,73343701,,
0,0,,0.998,0.002,,73294800,,
0,0,,0.98,0.02,,73563201,,
0,0,,0.98,0.02,,73300651,,
0,0,,0.988,0.012,,72760738,,
0,0,,0.99,0.01,,73019364,,
0,0,,0.93,0.07,,73096507,,
0,0,,0.882,0.118,,74364652,,
0,0,,0.97,0.03,,72845329,,
0,0,,0.998,0.002,,72816492,,
0,0,,1,0,,73207867,,
0,0,,0.926,0.074,,72661533,,
0,0,,0.998,0.002,,72773313,,
0,0,,0.986,0.014,,73542903,,
0,0,,0.938,0.062,,75091794,,
0,0,,0.994,0.006,,73533547,,
0,0,,0.99,0.01,,73478542,,
0,0,,0.96,0.04,,73134129,,
0,0,,0.972,0.028,,73572159,,
0,0,,0.98,0.02,,73488311,,
0,0,,0.998,0.002,,73357087,,
0,0,,0.99,0.01,,74558165,,
0,0,,0.988,0.012,,73557550,,
0,0,,0.94,0.06,,73496046,,
0,0,,0.91,0.09,,73175274,,
0,0,,0.982,0.018,,72869834,,
0,0,,0.912,0.088,,72683785,,
0,0,,1,0,,72971604,,
0,0,,0.924,0.076,,74416690,,
0,0,,0.994,0.006,,72849023,,
0,0,,0.998,0.002,,73001742,,
0,0,,0.988,0.012,,73177248,,
0,0,,0.996,0.004,,72919677,,
0,0,,1,0,,72838003,,
0,0,,0.838,0.162,,73590943,,
0,0,,1,0,,73535450,,
0,0,,0.992,0.008,,76073310,,
0,0,,1,0,,73537173,,
0,0,,0.988,0.012,,73515694,,
0,0,,0.978,0.022,,73651014,,
0,0,,0.984,0.016,,73585234,,
0,0,,0.998,0.002,,73275222,,
0,0,,0.906,0.094,,73673348,,
0,0,,0.916,0.084,,74530232,,
0,0,,0.936,0.064,,73185545,,
0,0,,0.982,0.018,,72813347,,
0,0,,0.996,0.004,,72527852,,
0,0,,0.84,0.16,,72863433,,
0,0,,1,0,,72585270,,
0,0,,0.962,0.038,,72920709,,
0,0,,0.996,0.004,,74781874,,
0,0,,0.886,0.114,,72679827,,
0,0,,1,0,,72745080,,
0,0,,0.932,0.068,,73149636,,
0,0,,0.908,0.092,,73362757,,
0,0,,0.928,0.072,,73687374,,
0,0,,0.974,0.026,,73534928,,
0,0,,0.968,0.032,,74980605,,
0,0,,0.998,0.002,,73055993,,
0,0,,0.996,0.004,,73077261,,
0,0,,0.994,0.006,,73342789,,
0,0,,0.872,0.128,,73156419,,
0,0,,1,0,,73357607,,
0,0,,0.938,0.062,,73374287,,
0,0,,0.944,0.056,,82231111,,
0,0,,0.996,0.004,,73086448,,
0,0,,0.94,0.06,,73262810,,
0,0,,0.986,0.014,,73513097,,
0,0,,0.88,0.12,,73401369,,
0,0,,1,0,,73098983,,
0,0,,0.998,0.002,,72840779,,
0,0,,0.998,0.002,,72753597,,
0,0,,0.912,0.088,,74547924,,
0,0,,0.91,0.09,,72556358,,
0,0,,0.872,0.128,,72768032,,
0,0,,1,0,,72929456,,
0,0,,0.998,0.002,,73668649,,
0,0,,0.858,0.142,,73358087,,
0,0,,0.998,0.002,,72710696,,
0,0,,0.892,0.108,,74765391,,
0,0,,0.96,0.04,,73362857,,
0,0,,0.98,0.02,,73531222,,
0,0,,0.972,0.028,,73391219,,
0,0,,0.99,0.01,,73024975,,
0,0,,1,0,,73250865,,
0,0,,0.998,0.002,,73212125,,
0,0,,0.958,0.042,,74319788,,
0,0,,0.964,0.036,,73078915,,
0,0,,0.998,0.002,,73610781,,
0,0,,0.962,0.038,,73413650,,
0,0,,0.918,0.082,,73223937,,
0,0,,0.98,0.02,,72812415,,
0,0,,0.924,0.076,,72846991,,
0,0,,0.816,0.184,,81157911,,
0,0,,0.902,0.098,,73372986,,
0,0,,0.996,0.004,,73323482,,
0,0,,0.986,0.014,,73364039,,
0,0,,0.882,0.118,,73466269,,
0,0,,0.996,0.004,,73625008,,
0,0,,0.998,0.002,,73311921,,
0,0,,0.926,0.074,,82261938,,
0,0,,0.984,0.016,,74492763,,
0,0,,0.982,0.018,,73008792,,
0,0,,0.938,0.062,,73178892,,
0,0,,0.884,0.116,,73534828,,
0,0,,0.936,0.064,,73289340,,
0,0,,0.988,0.012,,73099202,,
0,0,,0.816,0.184,,72751763,,
0,0,,0.92,0.08,,73967227,,
0,0,,0.994,0.006,,72760148,,
0,0,,0.954,0.046,,72893939,,
0,0,,0.994,0.006,,72751571,,
0,0,,0.998,0.002,,72824659,,
0,0,,0.992,0.008,,72744397,,
0,0,,0.98,0.02,,72613113,,
0,0,,0.948,0.052,,74340696,,
0,0,,1,0,,72901193,,
0,0,,0.986,0.014,,73394155,,
0,0,,1,0,,73430273,,
0,0,,0.936,0.064,,73027980,,
0,0,,0.984,0.016,,72892806,,
0,0,,0.966,0.034,,73250697,,
0,0,,0.896,0.104,,75493977,,
0,0,,0.922,0.078,,73662748,,
0,0,,0.946,0.054,,73559365,,
0,0,,0.992,0.008,,73065820,,
0,0,,0.99,0.01,,73536702,,
0,0,,0.92,0.08,,73664420,,
0,0,,0.934,0.066,,72923183,,
0,0,,0.978,0.022,,75035237,,
0,0,,0.998,0.002,,73240498,,
0,0,,0.98,0.02,,73197768,,
0,0,,1,0,,73076118,,
0,0,,0.99,0.01,,72915569,,
0,0,,0.894,0.106,,72354137,,
0,0,,0.998,0.002,,72729251,,
0,0,,0.986,0.014,,74859087,,
0,0,,1,0,,73017640,,
0,0,,0.996,0.004,,73373156,,
0,0,,0.972,0.028,,73634714,,
0,0,,0.996,0.004,,73322351,,
0,0,,0.996,0.004,,72655932,,
0,0,,0.816,0.184,,73627763,,
0,0,,0.994,0.006,,72974970,,
0,0,,0.996,0.004,,75011212,,
0,0,,0.838,0.162,,73096728,,
0,0,,0.992,0.008,,73182759,,
0,0,,1,0,,72821233,,
0,0,,0.99,0.01,,72444756,,
0,0,,0.964,0.036,,72491315,,
0,0,,0.966,0.034,,73151199,,
0,0,,0.858,0.142,,74682568,,
0,0,,1,0,,73110875,,
0,0,,0.992,0.008,,72849235,,
0,0,,0.992,0.008,,72775577,,
0,0,,0.982,0.018,,72897454,,
0,0,,0.99,0.01,,72662887,,
0,0,,0.874,0.126,,73502237,,
0,0,,0.998,0.002,,79859780,,
0,0,,0.994,0.006,,73461121,,
0,0,,0.85,0.15,,73470618,,
0,0,,0.916,0.084,,73147483,,
0,0,,0.984,0.016,,73181808,,
0,0,,0.99,0.01,,73454196,,
0,0,,0.888,0.112,,73236861,,
0,0,,0.998,0.002,,76188526,,
0,0,,0.986,0.014,,73322101,,
0,0,,0.998,0.002,,73182458,,
0,0,,1,0,,73276114,,
0,0,,0.888,0.112,,73507237,,
0,0,,0.978,0.022,,73202185,,
0,0,,0.872,0.128,,73058989,,
0,0,,0.996,0.004,,74738050,,
0,0,,0.97,0.03,,72595139,,
0,0,,1,0,,72508256,,
0,0,,0.988,0.012,,72978787,,
0,0,,0.96,0.04,,72503607,,
0,0,,0.926,0.074,,72229164,,
0,0,,0.998,0.002,,72861908,,
0,0,,0.818,0.182,,73713893,,
0,0,,0.986,0.014,,75094920,,
0,0,,0.998,0.002,,72945995,,
0,0,,0.84,0.16,,73053738,,
0,0,,1,0,,73037507,,
0,0,,0.924,0.076,,73217965,,
0,0,,0.992,0.008,,73439971,,
0,0,,0.956,0.044,,73142613,,
0,0,,1,0,,74560729,,
0,0,,0.862,0.138,,73515051,,
0,0,,0.998,0.002,,73379297,,
0,0,,0.988,0.012,,73167409,,
0,0,,0.94,0.06,,73173724,,
0,0,,0.978,0.022,,72816724,,
0,0,,0.95,0.05,,73070719,,
0,0,,0.996,0.004,,74123331,,
0,0,,0.954,0.046,,73017619,,
0,0,,0.91,0.09,,72880013,,
0,0,,0.934,0.066,,72802588,,
0,0,,0.964,0.036,,72838154,,
0,0,,0.964,0.036,,72786637,,
0,0,,0.96,0.04,,73294709,,
0,0,,0.892,0.108,,75057478,,
0,0,,0.968,0.032,,72783993,,
0,0,,0.972,0.028,,73299819,,
0,0,,0.992,0.008,,73063325,,
0,0,,0.976,0.024,,73405166,,
0,0,,0.996,0.004,,73159926,,
0,0,,0.956,0.044,,72864013,,
0,0,,1,0,,74553004,,
0,0,,0.996,0.004,,72964281,,
0,0,,0.966,0.034,,72722537,,
0,0,,0.898,0.102,,72823557,,
0,0,,0.99,0.01,,72602522,,
0,0,,0.998,0.002,,72612151,,
0,0,,0.996,0.004,,72341333,,
0,0,,1,0,,72528105,,
0,0,,0.99,0.01,,76722107,,
0,0,,0.974,0.026,,72981061,,
0,0,,0.984,0.016,,72838315,,
0,0,,0.95,0.05,,72855646,,
0,0,,0.998,0.002,,72954132,,
0,0,,0.862,0.138,,73325356,,
0,0,,0.854,0.146,,73742107,,
0,0,,0.992,0.008,,75303440,,
0,0,,0.998,0.002,,73363517,,
0,0,,0.996,0.004,,73361545,,
0,0,,0.99,0.01,,73296952,,
0,0,,0.996,0.004,,73529749,,
0,0,,0.998,0.002,,73189832,,
0,0,,0.956,0.044,,73376672,,
0,0,,0.884,0.116,,75275298,,
0,0,,0.894,0.106,,73077952,,
0,0,,0.976,0.024,,73049190,,
0,0,,1,0,,73443637,,
0,0,,0.958,0.042,,72569402,,
0,0,,0.984,0.016,,72766549,,
0,0,,0.992,0.008,,72955144,,
0,0,,0.996,0.004,,74891368,,
0,0,,0.976,0.024,,72858202,,
0,0,,0.998,0.002,,73025705,,
0,0,,0.988,0.012,,72761050,,
0,0,,0.998,0.002,,73123308,,
0,0,,0.992,0.008,,73637250,,
0,0,,0.99,0.01,,73337881,,
0,0,,0.814,0.186,,73134488,,
0,0,,0.998,0.002,,75321113,,
0,0,,0.882,0.118,,73604289,,
0,0,,0.802,0.198,,73097058,,
0,0,,0.974,0.026,,73411558,,
0,0,,0.958,0.042,,72703973,,
0,0,,0.996,0.004,,73314877,,
0,0,,0.988,0.012,,73367014,,
0,0,,0.994,0.006,,75438734,,
0,0,,0.948,0.052,,73165547,,
0,0,,0.988,0.012,,72727918,,
0,0,,0.994,0.006,,72482737,,
0,0,,0.998,0.002,,72742506,,
0,0,,0.962,0.038,,72850206,,
0,0,,0.998,0.002,,72632169,,
0,0,,0.998,0.002,,80556063,,
0,0,,0.946,0.054,,73154296,,
0,0,,0.942,0.058,,73053737,,
0,0,,0.992,0.008,,73264932,,
0,0,,0.994,0.006,,73426316,,
0,0,,0.998,0.002,,73198901,,
0,0,,0.994,0.006,,73381060,,
0,0,,0.978,0.022,,75561263,,
0,0,,0.932,0.068,,73599028,,
0,0,,0.994,0.006,,73086659,,
0,0,,0.956,0.044,,73447575,,
0,0,,0.998,0.002,,73238164,,
0,0,,0.988,0.012,,73363158,,
0,0,,0.998,0.002,,73008152,,
0,0,,0.954,0.046,,75214945,,
0,0,,0.972,0.028,,73019864,,
0,0,,1,0,,72548542,,
0,0,,0.99,0.01,,72744467,,
0,0,,0.976,0.024,,73015467,,
0,0,,0.988,0.012,,72680107,,
0,0,,0.966,0.034,,72704915,,
0,0,,0.992,0.008,,73074035,,
0,0,,0.976,0.024,,83855752,,
0,0,,1,0,,73052464,,
0,0,,0.928,0.072,,73576968,,
0,0,,0.998,0.002,,73562078,,
0,0,,0.958,0.042,,73530181,,
0,0,,0.956,0.044,,72899788,,
0,0,,0.994,0.006,,73054500,,
0,0,,0.998,0.002,,75883486,,
0,0,,0.964,0.036,,73554173,,
0,0,,0.896,0.104,,72629374,,
0,0,,0.996,0.004,,73469575,,
0,0,,1,0,,73292595,,
0,0,,0.998,0.002,,72650481,,
0,0,,0.97,0.03,,72499961,,
0,0,,0.974,0.026,,74484676,,
0,0,,1,0,,73250657,,
0,0,,0.974,0.026,,73220779,,
0,0,,0.978,0.022,,72976724,,
0,0,,0.932,0.068,,73089365,,
0,0,,0.998,0.002,,72911180,,
0,0,,0.946,0.054,,72730101,,
0,0,,0.938,0.062,,74514533,,
0,0,,0.894,0.106,,73238665,,
0,0,,0.996,0.004,,73262278,,
0,0,,0.898,0.102,,73366363,,
0,0,,0.926,0.074,,73511475,,
0,0,,0.98,0.02,,72578038,,
0,0,,0.926,0.074,,73452844,,
0,0,,0.956,0.044,,74763880,,
0,0,,0.98,0.02,,72941287,,
0,0,,0.974,0.026,,72657706,,
0,0,,1,0,,73364118,,
0,0,,0.894,0.106,,73639545,,
0,0,,0.95,0.05,,73164616,,
0,0,,0.966,0.034,,72850147,,
0,0,,0.952,0.048,,72740009,,
0,0,,0.998,0.002,,74216576,,
0,0,,1,0,,72976934,,
0,0,,0.666,0.334,,73125962,,
0,0,,0.994,0.006,,72804371,,
0,0,,0.914,0.086,,73107848,,
0,0,,0.866,0.134,,72895832,,
0,0,,0.974,0.026,,72946877,,
0,0,,1,0,,74734185,,
0,0,,0.988,0.012,,73545247,,
0,0,,0.996,0.004,,73362306,,
0,0,,0.942,0.058,,73540488,,
0,0,,0.926,0.074,,73203929,,
0,0,,0.982,0.018,,73531592,,
0,0,,0.97,0.03,,73301872,,
0,0,,0.998,0.002,,74992958,,
0,0,,0.98,0.02,,73271044,,
0,0,,0.992,0.008,,73378988,,
0,0,,0.874,0.126,,73065569,,
0,0,,0.998,0.002,,73241771,,
0,0,,1,0,,73159565,,
0,0,,0.972,0.028,,72840509,,
0,0,,0.99,0.01,,75223249,,
0,0,,0.996,0.004,,73671986,,
0,0,,0.998,0.002,,73278339,,
0,0,,0.974,0.026,,73075297,,
0,0,,0.888,0.112,,72814039,,
0,0,,0.936,0.064,,72818607,,
0,0,,0.998,0.002,,72978267,,
0,0,,0.998,0.002,,74754661,,
0,0,,1,0,,73455521,,
0,0,,1,0,,73340514,,
0,0,,0.944,0.056,,73660695,,
0,0,,0.996,0.004,,72973166,,
0,0,,0.978,0.022,,73549837,,
0,0,,1,0,,73478151,,
0,0,,0.998,0.002,,73324205,,
0,0,,0.888,0.112,,75468479,,
0,0,,1,0,,73295649,,
0,0,,0.992,0.008,,73268850,,
0,0,,0.966,0.034,,73535861,,
0,0,,0.964,0.036,,72803410,,
0,0,,0.99,0.01,,72612210,,
0,0,,0.994,0.006,,73070048,,
0,0,,0.918,0.082,,75245932,,
0,0,,0.886,0.114,,73303095,,
0,0,,0.996,0.004,,73001209,,
0,0,,0.792,0.208,,72881276,,
0,0,,0.986,0.014,,73124350,,
0,0,,1,0,,72913425,,
0,0,,0.886,0.114,,73497718,,
0,0,,0.952,0.048,,80614133,,
0,0,,0.98,0.02,,73634326,,
0,0,,1,0,,73377675,,
0,0,,0.992,0.008,,73116364,,
0,0,,0.982,0.018,,73410847,,
0,0,,0.986,0.014,,73397281,,
0,0,,1,0,,73433549,,
0,0,,0.978,0.022,,83789517,,
0,0,,0.996,0.004,,72917452,,
0,0,,0.972,0.028,,73177038,,
0,0,,0.996,0.004,,72970320,,
0,0,,1,0,,72898809,,
0,0,,0.898,0.102,,72980720,,
0,0,,1,0,,72855908,,
0,0,,0.996,0.004,,75659826,,
0,0,,0.784,0.216,,72654991,,
0,0,,0.852,0.148,,73391902,,
0,0,,0.958,0.042,,73031986,,
0,0,,0.996,0.004,,72552640,,
0,0,,0.876,0.124,,72927541,,
0,0,,0.996,0.004,,73398214,,
0,0,,0.97,0.03,,73472681,,
0,0,,0.92,0.08,,76224715,,
0,0,,0.998,0.002,,72978726,,
0,0,,0.834,0.166,,73606364,,
0,0,,0.984,0.016,,73383385,,
0,0,,1,0,,73464346,,
0,0,,0.994,0.006,,73217283,,
0,0,,0.986,0.014,,73695229,,
0,0,,0.994,0.006,,85925105,,
0,0,,0.996,0.004,,73557552,,
0,0,,0.984,0.016,,73560718,,
0,0,,0.974,0.026,,73400236,,
0,0,,0.998,0.002,,73367485,,
0,0,,0.918,0.082,,72928823,,
0,0,,0.994,0.006,,73343872,,
0,0,,0.994,0.006,,75728675,,
0,0,,0.976,0.024,,73028752,,
0,0,,0.998,0.002,,73055189,,
0,0,,0.986,0.014,,72991682,,
0,0,,0.984,0.016,,73354871,,
0,0,,0.99,0.01,,73678118,,
0,0,,0.96,0.04,,73217373,,
0,0,,0.996,0.004,,79329016,,
0,0,,0.846,0.154,,73166780,,
0,0,,0.986,0.014,,73521372,,
0,0,,0.914,0.086,,73493411,,
0,0,,0.994,0.006,,73086248,,
0,0,,0.916,0.084,,72831783,,
0,0,,0.958,0.042,,73275011,,
0,0,,0.896,0.104,,75540895,,
0,0,,0.992,0.008,,73669201,,
0,0,,1,0,,72765668,,
0,0,,0.994,0.006,,72762172,,
0,0,,0.952,0.048,,73083063,,
0,0,,0.952,0.048,,72777531,,
0,0,,0.926,0.074,,72940986,,
0,0,,0.946,0.054,,73026486,,
0,0,,1,0,,75054644,,
0,0,,1,0,,72969491,,
0,0,,0.976,0.024,,73211893,,
0,0,,0.994,0.006,,73346957,,
0,0,,0.996,0.004,,73179412,,
0,0,,0.936,0.064,,73467503,,
0,0,,0.982,0.018,,72983476,,
0,0,,0.984,0.016,,75378291,,
0,0,,0.906,0.094,,73098200,,
0,0,,0.966,0.034,,73276145,,
0,0,,1,0,,73360270,,
0,0,,0.998,0.002,,73669902,,
0,0,,0.762,0.238,,73766693,,
0,0,,0.988,0.012,,73525731,,
0,0,,0.914,0.086,,81242389,,
0,0,,0.898,0.102,,73487650,,
0,0,,0.978,0.022,,73626240,,
0,0,,0.898,0.102,,72798449,,
0,0,,0.98,0.02,,72338179,,
0,0,,1,0,,72542931,,
0,0,,1,0,,72847762,,
0,0,,0.91,0.09,,77122475,,
0,0,,1,0,,73107568,,
0,0,,0.992,0.008,,73237242,,
0,0,,0.964,0.036,,73574382,,
0,0,,0.998,0.002,,73362536,,
0,0,,0.994,0.006,,73022217,,
0,0,,0.994,0.006,,72831963,,
0,0,,0.996,0.004,,73079566,,
0,0,,0.974,0.026,,76040130,,
0,0,,0.996,0.004,,73132214,,
0,0,,0.836,0.164,,73074447,,
0,0,,0.998,0.002,,73381149,,
0,0,,0.988,0.012,,73094435,,
0,0,,0.996,0.004,,73054970,,
0,0,,0.998,0.002,,72717298,,
0,0,,0.834,0.166,,82595512,,
0,0,,0.99,0.01,,72960383,,
0,0,,0.982,0.018,,72668056,,
0,0,,0.97,0.03,,72973066,,
0,0,,0.936,0.064,,73005949,,
0,0,,0.89,0.11,,72586553,,
0,0,,0.988,0.012,,72979309,,
0,0,,0.992,0.008,,74645807,,
0,0,,0.994,0.006,,73741376,,
0,0,,0.998,0.002,,73417708,,
0,0,,0.718,0.282,,73551480,,
0,0,,0.974,0.026,,73394045,,
0,0,,0.998,0.002,,72763885,,
0,0,,0.944,0.056,,73508840,,
0,0,,0.992,0.008,,75888625,,
0,0,,0.998,0.002,,73335355,,
0,0,,0.838,0.162,,73579101,,
0,0,,0.84,0.16,,73555799,,
0,0,,0.998,0.002,,73122786,,
0,0,,0.86,0.14,,73217905,,
0,0,,0.99,0.01,,72767180,,
0,0,,0.94,0.06,,79948286,,
0,0,,0.958,0.042,,72677915,,
0,0,,0.996,0.004,,72950814,,
0,0,,0.998,0.002,,72576144,,
0,0,,0.984,0.016,,72670810,,
0,0,,0.986,0.014,,73148174,,
0,0,,1,0,,72922332,,
0,0,,0.996,0.004,,73544597,,
0,0,,0.99,0.01,,76772790,,
0,0,,0.76,0.24,,73340656,,
0,0,,0.844,0.156,,73727698,,
0,0,,1,0,,72938052,,
0,0,,0.98,0.02,,73231570,,
0,0,,0.996,0.004,,73341317,,
0,0,,0.98,0.02,,73278929,,
0,0,,0.97,0.03,,75572393,,
0,0,,0.946,0.054,,73114991,,
0,0,,0.998,0.002,,73525000,,
0,0,,0.998,0.002,,72862459,,
0,0,,1,0,,73016609,,
0,0,,0.996,0.004,,73308805,,
0,0,,1,0,,73019724,,
0,0,,0.952,0.048,,75839212,,
0,0,,0.962,0.038,,73435563,,
0,0,,0.998,0.002,,73637791,,
0,0,,0.95,0.05,,73432797,,
0,0,,0.998,0.002,,73089536,,
0,0,,0.992,0.008,,73136201,,
0,0,,1,0,,73206594,,
0,0,,0.884,0.116,,81236930,,
0,0,,0.954,0.046,,73440491,,
0,0,,0.998,0.002,,73426606,,
0,0,,0.772,0.228,,72924236,,
0,0,,0.986,0.014,,73506126,,
0,0,,0.996,0.004,,73337708,,
0,0,,0.98,0.02,,73201905,,
0,0,,0.994,0.006,,74872201,,
0,0,,1,0,,73255005,,
0,0,,0.974,0.026,,73595341,,
0,0,,0.876,0.124,,73285862,,
0,0,,0.932,0.068,,72862139,,
0,0,,0.938,0.062,,72703913,,
0,0,,0.992,0.008,,73042515,,
0,0,,0.924,0.076,,73326528,,
0,0,,0.994,0.006,,74623125,,
0,0,,0.966,0.034,,73093412,,
0,0,,0.992,0.008,,72771529,,
0,0,,0.998,0.002,,72888048,,
0,0,,0.976,0.024,,73046774,,
0,0,,0.952,0.048,,73280001,,
0,0,,0.994,0.006,,73398463,,
0,0,,0.884,0.116,,75502603,,
0,0,,0.982,0.018,,73185243,,
0,0,,0.98,0.02,,73098262,,
0,0,,0.946,0.054,,73391619,,
0,0,,0.994,0.006,,73554456,,
0,0,,0.996,0.004,,73357245,,
0,0,,0.992,0.008,,73405677,,
0,0,,0.964,0.036,,74338503,,
0,0,,0.99,0.01,,73389176,,
0,0,,1,0,,73258901,,
0,0,,0.988,0.012,,73309407,,
0,0,,0.808,0.192,,73340734,,
0,0,,0.986,0.014,,72997613,,
0,0,,0.986,0.014,,72690657,,
0,0,,0.974,0.026,,74536934,,
0,0,,0.928,0.072,,72841260,,
0,0,,0.984,0.016,,73267768,,
0,0,,0.944,0.056,,72997102,,
0,0,,0.916,0.084,,73256548,,
0,0,,0.952,0.048,,73755992,,
0,0,,0.998,0.002,,73289289,,
0,0,,0.978,0.022,,74901958,,
0,0,,0.998,0.002,,73147934,,
0,0,,0.994,0.006,,73367195,,
0,0,,0.988,0.012,,73417800,,
0,0,,0.88,0.12,,73659521,,
0,0,,0.908,0.092,,73130271,,
0,0,,0.972,0.028,,73836402,,
0,0,,0.976,0.024,,73579042,,
0,0,,0.936,0.064,,74524801,,
0,0,,0.986,0.014,,73197167,,
0,0,,0.982,0.018,,73432406,,
0,0,,0.998,0.002,,72848324,,
0,0,,0.962,0.038,,72746862,,
0,0,,0.962,0.038,,72891855,,
0,0,,0.95,0.05,,72733097,,
0,0,,0.998,0.002,,74189313,,
0,0,,0.944,0.056,,72967326,,
0,0,,1,0,,72951144,,
0,0,,0.922,0.078,,73126184,,
0,0,,0.99,0.01,,73590662,,
0,0,,0.996,0.004,,73045212,,
0,0,,0.992,0.008,,73714254,,
0,0,,1,0,,93423275,,
0,0,,0.978,0.022,,73544096,,
0,0,,0.918,0.082,,73546280,,
0,0,,0.998,0.002,,73467162,,
0,0,,0.984,0.016,,73394825,,
0,0,,1,0,,73625849,,
0,0,,0.992,0.008,,73076038,,
0,0,,0.996,0.004,,76052222,,
0,0,,0.938,0.062,,73191235,,
0,0,,0.966,0.034,,73219349,,
0,0,,0.996,0.004,,72664087,,
0,0,,0.872,0.128,,72961636,,
0,0,,0.942,0.058,,72682703,,
0,0,,0.992,0.008,,72593677,,
0,0,,0.99,0.01,,72975861,,
0,0,,0.996,0.004,,80588014,,
0,0,,0.72,0.28,,79488195,,
0,0,,0.968,0.032,,73788604,,
0,0,,0.972,0.028,,73321909,,
0,0,,0.998,0.002,,73298115,,
0,0,,1,0,,73215490,,
0,0,,0.996,0.004,,73425603,,
0,0,,0.998,0.002,,73553324,,
0,0,,0.97,0.03,,73501997,,
0,0,,0.892,0.108,,75977510,,
0,0,,0.954,0.046,,73634946,,
0,0,,0.994,0.006,,73070288,,
0,0,,0.888,0.112,,73452525,,
0,0,,0.994,0.006,,73574972,,
0,0,,1,0,,73094464,,
0,0,,0.972,0.028,,73208898,,
0,0,,0.882,0.118,,72778232,,
0,0,,0.968,0.032,,83528761,,
0,0,,1,0,,72998945,,
0,0,,0.828,0.172,,73433599,,
0,0,,0.858,0.142,,73076229,,
0,0,,0.97,0.03,,72884852,,
0,0,,0.944,0.056,,73154986,,
0,0,,0.916,0.084,,73269062,,
0,0,,0.994,0.006,,73219838,,
0,0,,1,0,,75577895,,
0,0,,0.882,0.118,,73153684,,
0,0,,0.97,0.03,,73502017,,
0,0,,0.996,0.004,,73594449,,
0,0,,0.994,0.006,,73106527,,
0,0,,0.972,0.028,,73414122,,
0,0,,0.876,0.124,,73376202,,
0,0,,0.996,0.004,,73296762,,
0,0,,0.974,0.026,,76059306,,
0,0,,0.952,0.048,,73381480,,
0,0,,0.918,0.082,,73344522,,
0,0,,0.99,0.01,,73227352,,
0,0,,0.878,0.122,,73147554,,
0,0,,0.996,0.004,,72979699,,
0,0,,0.986,0.014,,72828335,,
0,0,,0.992,0.008,,86081330,,
0,0,,0.956,0.044,,73482850,,
0,0,,1,0,,73089986,,
0,0,,0.994,0.006,,73378485,,
0,0,,0.864,0.136,,73523287,,
0,0,,0.996,0.004,,73243693,,
0,0,,0.984,0.016,,73325287,,
0,0,,0.998,0.002,,73298896,,
0,0,,0.98,0.02,,81319825,,
0,0,,0.994,0.006,,73296342,,
0,0,,0.954,0.046,,73409714,,
0,0,,1,0,,73086279,,
0,0,,0.932,0.068,,73906864,,
0,0,,0.944,0.056,,73793023,,
0,0,,0.936,0.064,,73143474,,
0,0,,0.83,0.17,,73016138,,
0,0,,0.998,0.002,,74947342,,
0,0,,0.984,0.016,,73109202,,
0,0,,0.97,0.03,,73099592,,
0,0,,0.974,0.026,,73278049,,
0,0,,0.862,0.138,,73542522,,
0,0,,0.998,0.002,,72987935,,
0,0,,0.984,0.016,,72961914,,
0,0,,0.886,0.114,,72665701,,
0,0,,0.998,0.002,,73464367,,
0,0,,0.994,0.006,,75229271,,
0,0,,0.994,0.006,,72894750,,
0,0,,0.998,0.002,,72889870,,
0,0,,0.956,0.044,,73005147,,
0,0,,0.998,0.002,,73316789,,
0,0,,0.99,0.01,,73563062,,
0,0,,0.958,0.042,,73277144,,
0,0,,0.97,0.03,,73395788,,
0,0,,0.988,0.012,,74972679,,
0,0,,0.94,0.06,,73383435,,
0,0,,0.97,0.03,,73166889,,
0,0,,0.996,0.004,,72906583,,
0,0,,0.978,0.022,,72638308,,
0,0,,0.994,0.006,,73098772,,
0,0,,0.994,0.006,,73001519,,
0,0,,0.978,0.022,,75156735,,
0,0,,0.998,0.002,,73427386,,
0,0,,0.982,0.018,,73118819,,
0,0,,0.992,0.008,,73076139,,
0,0,,0.99,0.01,,73221010,,
0,0,,0.976,0.024,,73891147,,
0,0,,0.944,0.056,,73978107,,
0,0,,0.988,0.012,,73436926,,
0,0,,0.998,0.002,,74773546,,
0,0,,0.97,0.03,,72841561,,
0,0,,0.982,0.018,,73642861,,
0,0,,0.864,0.136,,73597846,,
0,0,,0.998,0.002,,73234265,,
0,0,,0.936,0.064,,73072503,,
0,0,,0.986,0.014,,73513497,,
0,0,,0.992,0.008,,73725286,,
0,0,,0.982,0.018,,74868274,,
0,0,,0.936,0.064,,73592938,,
0,0,,0.998,0.002,,73369949,,
0,0,,0.938,0.062,,72862180,,
0,0,,0.994,0.006,,72991931,,
0,0,,0.998,0.002,,73153073,,
0,0,,0.952,0.048,,73142053,,
0,0,,1,0,,74907278,,
0,0,,1,0,,72886905,,
0,0,,0.998,0.002,,73444329,,
0,0,,0.998,0.002,,73279160,,
0,0,,0.978,0.022,,73003392,,
0,0,,0.992,0.008,,73317683,,
0,0,,0.978,0.022,,73411607,,
0,0,,1,0,,73552241,,
0,0,,1,0,,74946251,,
0,0,,1,0,,73151320,,
0,0,,0.99,0.01,,72876756,,
0,0,,0.994,0.006,,73311811,,
0,0,,0.984,0.016,,73186095,,
0,0,,0.982,0.018,,73475038,,
0,0,,0.982,0.018,,72763353,,
0,0,,0.948,0.052,,72915409,,
0,0,,0.992,0.008,,73157111,,
0,0,,0.978,0.022,,77211412,,
0,0,,0.998,0.002,,73416806,,
0,0,,1,0,,73774688,,
0,0,,0.988,0.012,,73389385,,
0,0,,1,0,,73289770,,
0,0,,0.998,0.002,,73115764,,
0,0,,0.992,0.008,,73382242,,
0,0,,0.996,0.004,,73397462,,
0,0,,0.926,0.074,,74902609,,
0,0,,0.998,0.002,,73456862,,
0,0,,0.974,0.026,,73676483,,
0,0,,0.838,0.162,,73623465,,
0,0,,0.976,0.024,,73525219,,
0,0,,0.968,0.032,,73331419,,
0,0,,0.996,0.004,,73239796,,
0,0,,0.866,0.134,,75030418,,
0,0,,1,0,,73154005,,
0,0,,0.996,0.004,,72977505,,
0,0,,0.996,0.004,,73053897,,
0,0,,0.898,0.102,,73120313,,
0,0,,0.998,0.002,,73013220,,
0,0,,0.986,0.014,,73141112,,
0,0,,0.97,0.03,,72953459,,
0,0,,1,0,,74550811,,
0,0,,0.878,0.122,,72906151,,
0,0,,0.868,0.132,,72545105,,
0,0,,0.986,0.014,,73021618,,
0,0,,0.99,0.01,,73250054,,
0,0,,1,0,,73428110,,
0,0,,1,0,,73346274,,
0,0,,0.97,0.03,,76136369,,
0,0,,0.992,0.008,,73404794,,
0,0,,0.972,0.028,,73195123,,
0,0,,0.972,0.028,,73439700,,
0,0,,0.99,0.01,,73554896,,
0,0,,0.848,0.152,,73536010,,
0,0,,0.99,0.01,,73339142,,
0,0,,1,0,,73340043,,
0,0,,0.946,0.054,,73276614,,
0,0,,1,0,,74394968,,
0,0,,0.994,0.006,,72962737,,
0,0,,0.984,0.016,,73213167,,
0,0,,0.988,0.012,,73197486,,
0,0,,1,0,,73066873,,
0,0,,0.984,0.016,,73068404,,
0,0,,0.996,0.004,,72708171,,
0,0,,0.988,0.012,,72924975,,
0,0,,0.996,0.004,,77123798,,
0,0,,0.988,0.012,,73352486,,
0,0,,1,0,,73258963,,
0,0,,0.992,0.008,,73378635,,
0,0,,0.914,0.086,,72626328,,
0,0,,0.994,0.006,,73007880,,
0,0,,0.996,0.004,,73395938,,
0,0,,0.932,0.068,,73266005,,
0,0,,0.998,0.002,,74919010,,
0,0,,0.934,0.066,,73506765,,
0,0,,0.854,0.146,,73261817,,
0,0,,0.962,0.038,,73215150,,
0,0,,0.986,0.014,,72302691,,
0,0,,0.996,0.004,,72968398,,
0,0,,0.91,0.09,,72968216,,
0,0,,0.968,0.032,,72803780,,
0,0,,0.92,0.08,,74708926,,
0,0,,0.97,0.03,,72965022,,
0,0,,0.946,0.054,,72911090,,
0,0,,0.998,0.002,,72852099,,
0,0,,0.882,0.118,,72888008,,
0,0,,0.906,0.094,,73018470,,
0,0,,0.956,0.044,,72722468,,
0,0,,0.992,0.008,,73099944,,
0,0,,0.998,0.002,,75069141,,
0,0,,1,0,,73738520,,
0,0,,0.982,0.018,,73879714,,
0,0,,0.998,0.002,,73595411,,
0,0,,1,0,,73226781,,
0,0,,0.934,0.066,,73104193,,
0,0,,0.996,0.004,,73360781,,
0,0,,0.98,0.02,,76797016,,
0,0,,0.998,0.002,,73441203,,
0,0,,0.988,0.012,,73362255,,
0,0,,0.846,0.154,,73240206,,
0,0,,0.83,0.17,,72995940,,
0,0,,0.968,0.032,,73032126,,
0,0,,0.988,0.012,,73039442,,
0,0,,0.974,0.026,,72941186,,
0,0,,1,0,,74570327,,
0,0,,0.836,0.164,,72335052,,
0,0,,0.958,0.042,,72525918,,
0,0,,0.988,0.012,,73298957,,
0,0,,0.994,0.006,,73515270,,
0,0,,0.816,0.184,,73206895,,
0,0,,0.998,0.002,,72908555,,
0,0,,0.948,0.052,,73200122,,
0,0,,0.996,0.004,,73174133,,
0,0,,0.844,0.156,,78972329,,
0,0,,0.998,0.002,,73089213,,
0,0,,0.906,0.094,,73381161,,
0,0,,0.886,0.114,,73548273,,
0,0,,0.862,0.138,,73690470,,
0,0,,0.972,0.028,,73211662,,
0,0,,0.994,0.006,,73420445,,
0,0,,0.996,0.004,,73089855,,
0,0,,0.894,0.106,,74909161,,
0,0,,0.992,0.008,,73289931,,
0,0,,0.888,0.112,,72951135,,
0,0,,0.978,0.022,,73426517,,
0,0,,0.962,0.038,,73493349,,
0,0,,0.954,0.046,,73051284,,
0,0,,0.996,0.004,,72908485,,
0,0,,0.996,0.004,,75069981,,
0,0,,0.992,0.008,,73114011,,
0,0,,0.982,0.018,,73125651,,
0,0,,0.996,0.004,,73247742,,
0,0,,0.938,0.062,,73153243,,
0,0,,0.946,0.054,,73607014,,
0,0,,0.988,0.012,,73440792,,
0,0,,0.992,0.008,,73252059,,
0,0,,0.936,0.064,,75092895,,
0,0,,0.982,0.018,,73542813,,
0,0,,0.844,0.156,,73648891,,
0,0,,0.996,0.004,,73042446,,
0,0,,0.996,0.004,,73702282,,
0,0,,1,0,,73416106,,
1,1,,0.07,0.93,,73374729,,
1,1,,0.118,0.882,,74978710,,
1,1,,0.004,0.996,,73114923,,
1,1,,0.01,0.99,,72757282,,
1,1,,0.13,0.87,,72837483,,
1,1,,0.118,0.882,,72990599,,
1,1,,0.1,0.9,,73605741,,
1,1,,0.018,0.982,,73063375,,
1,1,,0.014,0.986,,72836720,,
1,1,,0,1,,73703345,,
1,1,,0.006,0.994,,75826839,,
1,1,,0.006,0.994,,73331007,,
1,1,,0.126,0.874,,73571316,,
1,1,,0.004,0.996,,73922425,,
1,1,,0.41,0.59,,73622251,,
1,1,,0.048,0.952,,73406839,,
1,1,,0.116,0.884,,73443877,,
1,1,,0.008,0.992,,73294980,,
1,1,,0.002,0.998,,75364173,,
1,1,,0.012,0.988,,73253833,,
1,1,,0.004,0.996,,73439919,,
1,1,,0.028,0.972,,73378875,,
1,1,,0,1,,73340385,,
1,1,,0.126,0.874,,72948770,,
1,1,,0.006,0.994,,73659733,,
1,1,,0.18,0.82,,73412098,,
1,1,,0.184,0.816,,75266040,,
1,1,,0.024,0.976,,73447945,,
1,1,,0.002,0.998,,73141572,,
1,1,,0.226,0.774,,73443407,,
1,1,,0.19,0.81,,72418688,,
1,1,,0.018,0.982,,73129440,,
1,1,,0.016,0.984,,72898616,,
1,1,,0.002,0.998,,73056975,,
1,1,,0.004,0.996,,75599814,,
1,1,,0.064,0.936,,73498681,,
1,1,,0.172,0.828,,73605981,,
1,1,,0.008,0.992,,73527065,,
1,1,,0.03,0.97,,73266074,,
1,1,,0.322,0.678,,73642771,,
1,1,,0.006,0.994,,73442184,,
1,1,,0.016,0.984,,74855150,,
1,1,,0.06,0.94,,73542081,,
1,1,,0.002,0.998,,73355392,,
1,1,,0.002,0.998,,73500204,,
1,1,,0.054,0.946,,73294568,,
1,1,,0.01,0.99,,72762673,,
1,1,,0.136,0.864,,73189201,,
1,1,,0.032,0.968,,73582036,,
1,1,,0.002,0.998,,75005372,,
1,1,,0.042,0.958,,73410756,,
1,1,,0.082,0.918,,72567999,,
1,1,,0.008,0.992,,72811172,,
1,1,,0,1,,73372545,,
1,1,,0.174,0.826,,73562469,,
1,1,,0.024,0.976,,73539117,,
1,1,,0.032,0.968,,73527694,,
1,1,,0,1,,74822259,,
1,1,,0.094,0.906,,73569983,,
1,1,,0.022,0.978,,73470658,,
1,1,,0.028,0.972,,73274782,,
1,1,,0.01,0.99,,73179592,,
1,1,,0.006,0.994,,73199211,,
1,1,,0,1,,73482580,,
1,1,,0.1,0.9,,73574482,,
1,1,,0.004,0.996,,75303730,,
1,1,,0.086,0.914,,73661776,,
1,1,,0.02,0.98,,73139689,,
1,1,,0.004,0.996,,73300979,,
1,1,,0.252,0.748,,74014046,,
1,1,,0,1,,73374737,,
1,1,,0,1,,73217284,,
1,1,,0.008,0.992,,72824738,,
1,1,,0.092,0.908,,75102283,,
1,1,,0,1,,73578980,,
1,1,,0.008,0.992,,73412359,,
1,1,,0.024,0.976,,72996640,,
1,1,,0.084,0.916,,73475476,,
1,1,,0.006,0.994,,73368076,,
1,1,,0.038,0.962,,73640475,,
1,1,,0.106,0.894,,73362285,,
1,1,,0.012,0.988,,75123071,,
1,1,,0.322,0.678,,73410516,,
1,1,,0,1,,73178951,,
1,1,,0.104,0.896,,73091518,,
1,1,,0.006,0.994,,72831401,,
1,1,,0.03,0.97,,72757372,,
1,1,,0.024,0.976,,72615357,,
1,1,,0.002,0.998,,81194580,,
1,1,,0.004,0.996,,74592888,,
1,1,,0.008,0.992,,73734442,,
1,1,,0.026,0.974,,73373537,,
1,1,,0.018,0.982,,73360912,,
1,1,,0,1,,73207216,,
1,1,,0.016,0.984,,73436503,,
1,1,,0.07,0.93,,73666576,,
1,1,,0.06,0.94,,82256147,,
1,1,,0.012,0.988,,73735914,,
1,1,,0,1,,73797651,,
1,1,,0.356,0.644,,74449810,,
1,1,,0.008,0.992,,73747236,,
1,1,,0.002,0.998,,73712390,,
1,1,,0.004,0.996,,73533536,,
1,1,,0.024,0.976,,73762715,,
1,1,,0.016,0.984,,75774362,,
1,1,,0.006,0.994,,73522204,,
1,1,,0,1,,73218476,,
1,1,,0.004,0.996,,73625819,,
1,1,,0.004,0.996,,73494151,,
1,1,,0.184,0.816,,73961097,,
1,1,,0.04,0.96,,74138057,,
1,1,,0.002,0.998,,74128601,,
1,1,,0.002,0.998,,83034284,,
1,1,,0.096,0.904,,73799062,,
1,1,,0.002,0.998,,73789005,,
1,1,,0.06,0.94,,74286424,,
1,1,,0.008,0.992,,73738340,,
1,1,,0.29,0.71,,73985131,,
1,1,,0,1,,74106568,,
1,1,,0.028,0.972,,73833247,,
1,1,,0.074,0.926,,75836479,,
1,1,,0.002,0.998,,73931950,,
1,1,,0.09,0.91,,74118071,,
1,1,,0.106,0.894,,73312872,,
1,1,,0.002,0.998,,73184602,,
1,1,,0,1,,73324264,,
1,1,,0.03,0.97,,73086437,,
1,1,,0.082,0.918,,73269070,,
1,1,,0.002,0.998,,77545887,,
1,1,,0.032,0.968,,73581767,,
1,1,,0.002,0.998,,73979840,,
1,1,,0.224,0.776,,74184706,,
1,1,,0,1,,73847703,,
1,1,,0.024,0.976,,74096370,,
1,1,,0.002,0.998,,73906723,,
1,1,,0.294,0.706,,80579408,,
1,1,,0.008,0.992,,73100846,,
1,1,,0.002,0.998,,73291994,,
1,1,,0.228,0.772,,73523807,,
1,1,,0,1,,73579342,,
1,1,,0.012,0.988,,73345423,,
1,1,,0.008,0.992,,73671535,,
1,1,,0.078,0.922,,73487068,,
1,1,,0.076,0.924,,74751145,,
1,1,,0.146,0.854,,73309978,,
1,1,,0.002,0.998,,73429490,,
1,1,,0.006,0.994,,73227644,,
1,1,,0.106,0.894,,73456861,,
1,1,,0.012,0.988,,73243223,,
1,1,,0.006,0.994,,73249132,,
1,1,,0.05,0.95,,73257349,,
1,1,,0.004,0.996,,74938466,,
1,1,,0.204,0.796,,73723060,,
1,1,,0.006,0.994,,73715758,,
1,1,,0.076,0.924,,73573130,,
1,1,,0.018,0.982,,73732659,,
1,1,,0.02,0.98,,73415083,,
1,1,,0.012,0.988,,73358037,,
1,1,,0.01,0.99,,72774594,,
1,1,,0.032,0.968,,82668058,,
1,1,,0.006,0.994,,73466610,,
1,1,,0.042,0.958,,73364670,,
1,1,,0.072,0.928,,73730544,,
1,1,,0.024,0.976,,73309647,,
1,1,,0.016,0.984,,73515542,,
1,1,,0.004,0.996,,73357547,,
1,1,,0.094,0.906,,73504281,,
1,1,,0.006,0.994,,75900979,,
1,1,,0.012,0.988,,73311760,,
1,1,,0.012,0.988,,73108259,,
1,1,,0.01,0.99,,73028090,,
1,1,,0.004,0.996,,73191645,,
1,1,,0.014,0.986,,73116094,,
1,1,,0.004,0.996,,73407340,,
1,1,,0.006,0.994,,73633412,,
1,1,,0.012,0.988,,75797575,,
1,1,,0.014,0.986,,73723611,,
1,1,,0.002,0.998,,73109833,,
1,1,,0.088,0.912,,73796938,,
1,1,,0.004,0.996,,73569133,,
1,1,,0.018,0.982,,73412639,,
1,1,,0.09,0.91,,73058687,,
1,1,,0.006,0.994,,75498315,,
1,1,,0.01,0.99,,73360893,,
1,1,,0.002,0.998,,73335054,,
1,1,,0,1,,73357746,,
1,1,,0.036,0.964,,73370230,,
1,1,,0,1,,73101156,,
1,1,,0.22,0.78,,73436584,,
1,1,,0.014,0.986,,77294938,,
1,1,,0.006,0.994,,73452295,,
1,1,,0.06,0.94,,73287414,,
1,1,,0.002,0.998,,73425172,,
1,1,,0.012,0.988,,73058437,,
1,1,,0.01,0.99,,72932340,,
1,1,,0.01,0.99,,73408612,,
1,1,,0.006,0.994,,73384697,,
1,1,,0.002,0.998,,73009985,,
1,1,,0.006,0.994,,74607437,,
1,1,,0.002,0.998,,73391069,,
1,1,,0.004,0.996,,73477741,,
1,1,,0.02,0.98,,73401118,,
1,1,,0.158,0.842,,73585903,,
1,1,,0.036,0.964,,72321147,,
1,1,,0.202,0.798,,73699305,,
1,1,,0,1,,73478944,,
1,1,,0.27,0.73,,75875339,,
1,1,,0.266,0.734,,73715596,,
1,1,,0.012,0.988,,73365321,,
1,1,,0.004,0.996,,73271695,,
1,1,,0,1,,73348280,,
1,1,,0.012,0.988,,73161638,,
1,1,,0.132,0.868,,73628094,,
1,1,,0.002,0.998,,73597715,,
1,1,,0.154,0.846,,78846844,,
1,1,,0.18,0.82,,73422087,,
1,1,,0.042,0.958,,73529068,,
1,1,,0.218,0.782,,73604648,,
1,1,,0.016,0.984,,73256107,,
1,1,,0.08,0.92,,73240406,,
1,1,,0.002,0.998,,73325054,,
1,1,,0.006,0.994,,75836368,,
1,1,,0,1,,73604778,,
1,1,,0.012,0.988,,73290111,,
1,1,,0.004,0.996,,72849043,,
1,1,,0.016,0.984,,72862639,,
1,0,,0.69,0.31,,73484003,,
1,1,,0.02,0.98,,72930385,,
1,1,,0.004,0.996,,72788340,,
1,1,,0.006,0.994,,80355309,,
1,1,,0.002,0.998,,73515692,,
1,1,,0.016,0.984,,73598497,,
1,1,,0.004,0.996,,73345494,,
1,1,,0.002,0.998,,73344501,,
1,1,,0.3,0.7,,73686231,,
1,1,,0.002,0.998,,73018923,,
1,1,,0.002,0.998,,80039868,,
1,1,,0.014,0.986,,73176256,,
1,1,,0.116,0.884,,73636168,,
1,1,,0,1,,73344803,,
1,1,,0.004,0.996,,73585482,,
1,1,,0.006,0.994,,73408222,,
1,1,,0.01,0.99,,73406327,,
1,1,,0.002,0.998,,73598228,,
1,1,,0.008,0.992,,75233859,,
1,1,,0,1,,73072162,,
1,1,,0.004,0.996,,72775527,,
1,1,,0.002,0.998,,72955923,,
1,1,,0.004,0.996,,72635766,,
1,1,,0.004,0.996,,72439848,,
1,1,,0.014,0.986,,72688242,,
1,1,,0.006,0.994,,72661594,,
1,1,,0.006,0.994,,74375772,,
1,1,,0.004,0.996,,72789662,,
1,1,,0,1,,73214690,,
1,1,,0.028,0.972,,73394876,,
1,1,,0.024,0.976,,73248543,,
1,1,,0.004,0.996,,73573871,,
1,1,,0.18,0.82,,77903267,,
1,1,,0.066,0.934,,73990701,,
1,1,,0.002,0.998,,75320722,,
1,1,,0.026,0.974,,73338019,,
1,1,,0.124,0.876,,73233204,,
1,1,,0.002,0.998,,72931459,,
1,1,,0.004,0.996,,73149777,,
1,1,,0.008,0.992,,73269111,,
1,1,,0.014,0.986,,73231109,,
1,1,,0.056,0.944,,73285982,,
1,1,,0.114,0.886,,74516456,,
1,1,,0.026,0.974,,72644841,,
1,1,,0.01,0.99,,72694475,,
1,1,,0.086,0.914,,73016729,,
1,1,,0.03,0.97,,72789071,,
1,1,,0.032,0.968,,72609567,,
1,1,,0,1,,72572597,,
1,1,,0.026,0.974,,74810125,,
1,1,,0.248,0.752,,73731377,,
1,1,,0.156,0.844,,73361403,,
1,1,,0.014,0.986,,73406749,,
1,1,,0.016,0.984,,72915338,,
1,1,,0.014,0.986,,73242260,,
1,1,,0.01,0.99,,73326519,,
1,1,,0.004,0.996,,73080207,,
1,1,,0.004,0.996,,72883809,,
1,1,,0.004,0.996,,74808683,,
1,1,,0.048,0.952,,73188249,,
1,1,,0.112,0.888,,73204841,,
1,1,,0.004,0.996,,72969750,,
1,1,,0.002,0.998,,72809319,,
1,1,,0.09,0.91,,73019324,,
1,1,,0.094,0.906,,72506041,,
1,1,,0.004,0.996,,72505691,,
1,1,,0.084,0.916,,74475108,,
1,1,,0,1,,72749057,,
1,1,,0.13,0.87,,73113350,,
1,1,,0.448,0.552,,72769185,,
1,1,,0.05,0.95,,73091928,,
1,1,,0.044,0.956,,73515443,,
1,1,,0,1,,73729491,,
1,1,,0.002,0.998,,75076725,,
1,1,,0.094,0.906,,73501676,,
1,1,,0,1,,72903436,,
1,1,,0,1,,73360513,,
1,1,,0.17,0.83,,73719172,,
1,1,,0.026,0.974,,73578390,,
1,1,,0.002,0.998,,73591975,,
1,1,,0.042,0.958,,73437405,,
1,1,,0.004,0.996,,75129805,,
1,1,,0.05,0.95,,73611903,,
1,1,,0.016,0.984,,73013393,,
1,1,,0.072,0.928,,73066430,,
1,1,,0.008,0.992,,72842151,,
1,1,,0.118,0.882,,73490616,,
1,1,,0.13,0.87,,73370920,,
1,1,,0.004,0.996,,75944621,,
1,1,,0.006,0.994,,80860254,,
1,1,,0.038,0.962,,73570164,,
1,1,,0.082,0.918,,73911494,,
1,1,,0.002,0.998,,74044392,,
1,1,,0.004,0.996,,73844216,,
1,1,,0.034,0.966,,73558163,,
1,1,,0.008,0.992,,73953962,,
1,1,,0.006,0.994,,73815024,,
1,1,,0.08,0.92,,76812404,,
1,1,,0.044,0.956,,74049152,,
1,1,,0.138,0.862,,74238044,,
1,1,,0.022,0.978,,73731027,,
1,1,,0.04,0.96,,74000951,,
1,1,,0.12,0.88,,74075620,,
1,1,,0.014,0.986,,73958542,,
1,1,,0,1,,74201696,,
1,1,,0.374,0.626,,76844526,,
1,1,,0.002,0.998,,73408300,,
1,1,,0.038,0.962,,73982137,,
1,1,,0.01,0.99,,73380178,,
1,1,,0.006,0.994,,73997675,,
1,1,,0.136,0.864,,73838386,,
1,1,,0.032,0.968,,73769406,,
1,1,,0.002,0.998,,76509418,,
1,1,,0.04,0.96,,73532834,,
1,1,,0.016,0.984,,72587144,,
1,1,,0.004,0.996,,73021486,,
1,1,,0.012,0.988,,73235337,,
1,1,,0.066,0.934,,73433228,,
1,1,,0.006,0.994,,73377102,,
1,1,,0.01,0.99,,72771109,,
1,1,,0.012,0.988,,74868093,,
1,1,,0.004,0.996,,73195963,,
1,1,,0.086,0.914,,73718012,,
1,1,,0.052,0.948,,73372483,,
1,1,,0.21,0.79,,73290422,,
1,1,,0.012,0.988,,73279399,,
1,1,,0.252,0.748,,73573490,,
1,1,,0.008,0.992,,74902489,,
1,1,,0.048,0.952,,73314325,,
1,1,,0.002,0.998,,73287105,,
1,1,,0.004,0.996,,73657758,,
1,1,,0.056,0.944,,73275913,,
1,1,,0.096,0.904,,87042850,,
1,1,,0.004,0.996,,73061801,,
1,1,,0.006,0.994,,73935598,,
1,1,,0.022,0.978,,73932523,,
1,1,,0.214,0.786,,75985808,,
1,1,,0.006,0.994,,74043951,,
1,1,,0.02,0.98,,74028832,,
1,1,,0.01,0.99,,73835833,,
1,1,,0.022,0.978,,73881637,,
1,1,,0.162,0.838,,74332722,,
1,1,,0.092,0.908,,74164578,,
1,1,,0.002,0.998,,73911954,,
1,1,,0,1,,76736292,,
1,1,,0.084,0.916,,73407629,,
1,1,,0.158,0.842,,73921884,,
1,1,,0.006,0.994,,73492258,,
1,1,,0.016,0.984,,73770991,,
1,1,,0.018,0.982,,73471098,,
1,1,,0.086,0.914,,73106606,,
1,1,,0,1,,75843651,,
1,1,,0.002,0.998,,74207107,,
1,1,,0.008,0.992,,73616601,,
1,1,,0.014,0.986,,73425553,,
1,1,,0.16,0.84,,74041848,,
1,1,,0.002,0.998,,73037958,,
1,1,,0.018,0.982,,73942331,,
1,1,,0.012,0.988,,73875486,,
1,1,,0.044,0.956,,75634008,,
1,1,,0.008,0.992,,73874645,,
1,1,,0.002,0.998,,73851099,,
1,1,,0.004,0.996,,74021128,,
1,1,,0,1,,73490265,,
1,1,,0.008,0.992,,73979650,,
1,1,,0.448,0.552,,74251310,,
1,1,,0.004,0.996,,75470742,,
1,1,,0.002,0.998,,74183984,,
1,1,,0.018,0.982,,73445340,,
1,1,,0.032,0.968,,73511906,,
1,1,,0,1,,73422818,,
1,1,,0,1,,73237651,,
1,1,,0.01,0.99,,73760642,,
1,1,,0.326,0.674,,74580745,,
1,1,,0.002,0.998,,75267753,,
1,1,,0.002,0.998,,73679780,,
1,1,,0.044,0.956,,74063608,,
1,1,,0,1,,73932944,,
1,1,,0.134,0.866,,74006089,,
1,1,,0.002,0.998,,73500455,,
1,1,,0.052,0.948,,73527965,,
1,1,,0.136,0.864,,74002615,,
1,1,,0.054,0.946,,81528594,,
1,1,,0.278,0.722,,74677318,,
1,1,,0.008,0.992,,74647872,,
1,1,,0.126,0.874,,74584755,,
1,1,,0.274,0.726,,74534830,,
1,1,,0.154,0.846,,74654345,,
1,1,,0.024,0.976,,74359341,,
1,1,,0.002,0.998,,74553325,,
1,1,,0.046,0.954,,77001318,,
1,1,,0.002,0.998,,74110276,,
1,1,,0.004,0.996,,74070670,,
1,1,,0.004,0.996,,74875578,,
1,1,,0.052,0.948,,74836896,,
1,1,,0.09,0.91,,74569545,,
1,1,,0.184,0.816,,74664003,,
1,1,,0.07,0.93,,74342720,,
1,1,,0.074,0.926,,76151107,,
1,1,,0,1,,74557101,,
1,1,,0.108,0.892,,74335659,,
1,1,,0.002,0.998,,73689668,,
1,1,,0.018,0.982,,74426358,,
1,1,,0.024,0.976,,73955365,,
1,1,,0.004,0.996,,74353651,,
1,1,,0.004,0.996,,76618020,,
1,1,,0.062,0.938,,74816637,,
1,1,,0.01,0.99,,74085249,,
1,1,,0.176,0.824,,74885998,,
1,1,,0.042,0.958,,74443890,,
1,1,,0,1,,74666486,,
1,1,,0.004,0.996,,74718495,,
1,1,,0.076,0.924,,74616452,,
1,1,,0.03,0.97,,77200852,,
1,1,,0.008,0.992,,74422830,,
1,1,,0.11,0.89,,74602107,,
1,1,,0.114,0.886,,74481369,,
1,1,,0.262,0.738,,74768148,,
1,1,,0.202,0.798,,74788163,,
1,1,,0.002,0.998,,74846735,,
1,1,,0.002,0.998,,74702904,,
1,1,,0,1,,76565624,,
1,1,,0,1,,74253783,,
1,1,,0,1,,74120364,,
1,1,,0.01,0.99,,74555729,,
1,1,,0.044,0.956,,74504384,,
1,1,,0.004,0.996,,74400689,,
1,1,,0,1,,74255847,,
1,1,,0.006,0.994,,74380161,,
1,1,,0.106,0.894,,76485842,,
1,1,,0.008,0.992,,74255688,,
1,1,,0,1,,74042017,,
1,1,,0.016,0.984,,74700091,,
1,0,,0.666,0.334,,74916584,,
1,1,,0.004,0.996,,74601876,,
1,1,,0.06,0.94,,74559937,,
1,1,,0.004,0.996,,76761349,,
1,1,,0.006,0.994,,74102160,,
1,1,,0.016,0.984,,73853806,,
1,1,,0.118,0.882,,74875187,,
1,1,,0.002,0.998,,74449520,,
1,1,,0.006,0.994,,73964293,,
1,1,,0.004,0.996,,74269904,,
1,1,,0,1,,75835036,,
1,1,,0,1,,74155840,,
1,1,,0.044,0.956,,74466002,,
1,1,,0.002,0.998,,74394767,,
1,1,,0.004,0.996,,74491028,,
1,1,,0.008,0.992,,74351257,,
1,1,,0.254,0.746,,74840933,,
1,1,,0.012,0.988,,74711793,,
1,1,,0.006,0.994,,74668399,,
1,1,,0.052,0.948,,76255943,,
1,1,,0.002,0.998,,74233055,,
1,1,,0.002,0.998,,74107491,,
1,1,,0.02,0.98,,74868344,,
1,1,,0.008,0.992,,74901617,,
1,1,,0.154,0.846,,74896567,,
1,1,,0.002,0.998,,74358180,,
1,1,,0.116,0.884,,76244210,,
1,1,,0.002,0.998,,74588842,,
1,1,,0.01,0.99,,74445063,,
1,1,,0.002,0.998,,74018122,,
1,1,,0.01,0.99,,74277239,,
1,1,,0.122,0.878,,74734784,,
1,1,,0.006,0.994,,74497831,,
1,1,,0.006,0.994,,74777424,,
1,1,,0.024,0.976,,76653718,,
1,1,,0.044,0.956,,74856742,,
1,1,,0.296,0.704,,74655437,,
1,1,,0.006,0.994,,74471381,,
1,1,,0.03,0.97,,74145291,,
1,1,,0.008,0.992,,74157806,,
1,1,,0.002,0.998,,74271907,,
1,1,,0.004,0.996,,74171040,,
1,1,,0,1,,86010215,,
1,1,,0.18,0.82,,73817967,,
1,1,,0.036,0.964,,73580144,,
1,1,,0.004,0.996,,73180234,,
1,1,,0.012,0.988,,73089354,,
1,1,,0.012,0.988,,73067383,,
1,1,,0.1,0.9,,73671073,,
1,1,,0,1,,75422884,,
1,1,,0.08,0.92,,73447514,,
1,1,,0,1,,73291431,,
1,1,,0.02,0.98,,73537333,,
1,1,,0,1,,73554685,,
1,1,,0,1,,73302562,,
1,0,,0.516,0.484,,73420315,,
1,1,,0.002,0.998,,73233232,,
1,1,,0.038,0.962,,75201097,,
1,1,,0.034,0.966,,73587006,,
1,1,,0,1,,73108519,,
1,1,,0.018,0.982,,73570516,,
1,1,,0.002,0.998,,73306941,,
1,1,,0.022,0.978,,75733225,,
1,1,,0.054,0.946,,76011284,,
1,1,,0.026,0.974,,73000667,,
1,1,,0.022,0.978,,75330140,,
1,1,,0.154,0.846,,73349129,,
1,1,,0.008,0.992,,73476149,,
1,1,,0.324,0.676,,73479615,,
1,1,,0.032,0.968,,73578720,,
1,1,,0.056,0.944,,72990518,,
1,1,,0.09,0.91,,73421496,,
1,1,,0.02,0.98,,73187037,,
1,1,,0.058,0.942,,75773761,,
1,1,,0.026,0.974,,72654369,,
1,1,,0.02,0.98,,73199761,,
1,1,,0.008,0.992,,73365872,,
1,1,,0.138,0.862,,73238253,,
1,1,,0.028,0.972,,73423210,,
1,1,,0.002,0.998,,73633393,,
1,1,,0.056,0.944,,75073257,,
1,1,,0.002,0.998,,73304348,,
1,1,,0,1,,73571817,,
1,1,,0,1,,78466723,,
1,1,,0.01,0.99,,73827134,,
1,1,,0.016,0.984,,73153114,,
1,1,,0.162,0.838,,73542803,,
1,1,,0.092,0.908,,75344355,,
1,1,,0.01,0.99,,73557071,,
1,1,,0.018,0.982,,73512716,,
1,1,,0,1,,73609748,,
1,1,,0.01,0.99,,73697373,,
1,1,,0.008,0.992,,73397811,,
1,1,,0.056,0.944,,74023293,,
1,1,,0.008,0.992,,73781961,,
1,1,,0.006,0.994,,75240802,,
1,1,,0.026,0.974,,73700159,,
1,1,,0.042,0.958,,73226951,,
1,1,,0.004,0.996,,72438685,,
1,1,,0.004,0.996,,72535938,,
1,1,,0.06,0.94,,72717116,,
1,1,,0.1,0.9,,72770196,,
1,1,,0,1,,73252590,,
1,1,,0.052,0.948,,74450662,,
1,1,,0.11,0.89,,86564363,,
1,1,,0.058,0.942,,73629637,,
1,1,,0.02,0.98,,73367564,,
1,1,,0.012,0.988,,73442084,,
1,1,,0.004,0.996,,73909080,,
1,1,,0.004,0.996,,73864615,,
1,1,,0.012,0.988,,73866719,,
1,1,,0,1,,76493127,,
1,1,,0.008,0.992,,73969461,,
1,1,,0.214,0.786,,73921864,,
1,1,,0.196,0.804,,74152674,,
1,1,,0.14,0.86,,74491129,,
1,1,,0.002,0.998,,73969743,,
1,1,,0.01,0.99,,73879142,,
1,1,,0.006,0.994,,75306496,,
1,1,,0.008,0.992,,74054751,,
1,1,,0.056,0.944,,73672387,,
1,1,,0.004,0.996,,73443035,,
1,1,,0.02,0.98,,73858984,,
1,1,,0.016,0.984,,73564204,,
1,1,,0.008,0.992,,73072692,,
1,1,,0.042,0.958,,74035535,,
1,1,,0.004,0.996,,75706885,,
1,1,,0.176,0.824,,74317944,,
1,1,,0.016,0.984,,73782002,,
1,1,,0,1,,74211705,,
1,1,,0.002,0.998,,74029794,,
1,1,,0.002,0.998,,73646498,,
1,1,,0.022,0.978,,74139339,,
1,1,,0.45,0.55,,74607508,,
1,1,,0.006,0.994,,75124353,,
1,1,,0.082,0.918,,73887217,,
1,1,,0.008,0.992,,73629035,,
1,1,,0.016,0.984,,74065872,,
1,1,,0.148,0.852,,73786118,,
1,1,,0.012,0.988,,73584431,,
1,1,,0.018,0.982,,73109942,,
1,1,,0.004,0.996,,73357556,,
1,1,,0.004,0.996,,75073669,,
1,1,,0.008,0.992,,72876936,,
1,1,,0.046,0.954,,72892365,,
1,1,,0.002,0.998,,73648351,,
1,1,,0.048,0.952,,74041517,,
1,1,,0.002,0.998,,73486408,,
1,1,,0.068,0.932,,73646757,,
1,1,,0.002,0.998,,75603151,,
1,1,,0.014,0.986,,73935497,,
1,1,,0.098,0.902,,73866969,,
1,1,,0.004,0.996,,73674420,,
1,1,,0.008,0.992,,73369558,,
1,1,,0.004,0.996,,73734842,,
1,1,,0.322,0.678,,74265797,,
1,1,,0.014,0.986,,74052105,,
1,1,,0.004,0.996,,75008478,,
1,1,,0.254,0.746,,73814842,,
1,1,,0.012,0.988,,73416175,,
1,1,,0.342,0.658,,73388175,,
1,1,,0.004,0.996,,72848182,,
1,1,,0.156,0.844,,73400636,,
1,1,,0.072,0.928,,73291864,,
1,1,,0.004,0.996,,73343169,,
1,1,,0.014,0.986,,74382384,,
1,1,,0.08,0.92,,74235861,,
1,1,,0.026,0.974,,73879753,,
1,1,,0.124,0.876,,73920951,,
1,1,,0.004,0.996,,73648170,,
1,1,,0.008,0.992,,73092219,,
1,1,,0.126,0.874,,74161232,,
1,1,,0.01,0.99,,75327844,,
1,1,,0.104,0.896,,73965324,,
1,1,,0.004,0.996,,73996112,,
1,1,,0.008,0.992,,73996602,,
1,1,,0,1,,73626942,,
1,0,,0.88,0.12,,74053309,,
1,1,,0.038,0.962,,73323532,,
1,1,,0.014,0.986,,73183151,,
1,1,,0.052,0.948,,79733362,,
1,1,,0.006,0.994,,72796747,,
1,1,,0.02,0.98,,73005937,,
1,1,,0.044,0.956,,72484111,,
1,1,,0.012,0.988,,73367876,,
1,1,,0.006,0.994,,73387803,,
1,1,,0.168,0.832,,73412809,,
1,1,,0.002,0.998,,73588299,,
1,1,,0.008,0.992,,75388799,,
1,1,,0.012,0.988,,73445680,,
1,1,,0.088,0.912,,73064579,,
1,1,,0.118,0.882,,73516984,,
1,1,,0.072,0.928,,73342277,,
1,1,,0.014,0.986,,72961576,,
1,1,,0.278,0.722,,72721023,,
1,1,,0.006,0.994,,73130059,,
1,1,,0.01,0.99,,76523344,,
1,1,,0.008,0.992,,73108118,,
1,1,,0.008,0.992,,73072072,,
1,1,,0.006,0.994,,72716146,,
1,1,,0.004,0.996,,72881554,,
1,1,,0.256,0.744,,72915669,,
1,1,,0.01,0.99,,72683604,,
1,1,,0.156,0.844,,76564130,,
1,1,,0.018,0.982,,72965583,,
1,1,,0.026,0.974,,72292411,,
1,1,,0.132,0.868,,72793941,,
1,1,,0.004,0.996,,72626908,,
1,1,,0.03,0.97,,73536601,,
1,1,,0.114,0.886,,73561829,,
1,1,,0,1,,75455433,,
1,1,,0.01,0.99,,72879011,,
1,1,,0.004,0.996,,73294758,,
1,1,,0.004,0.996,,73084835,,
1,1,,0.188,0.812,,73381201,,
1,1,,0.016,0.984,,73183289,,
1,1,,0.004,0.996,,73542171,,
1,1,,0.182,0.818,,73642681,,
1,1,,0.02,0.98,,75432400,,
1,1,,0.014,0.986,,73634925,,
1,1,,0.306,0.694,,73083624,,
1,1,,0.068,0.932,,72979748,,
1,1,,0.384,0.616,,73283928,,
1,1,,0.004,0.996,,72858001,,
1,1,,0.094,0.906,,73126222,,
1,1,,0.038,0.962,,73014563,,
1,1,,0,1,,75076084,,
1,1,,0.008,0.992,,72966082,,
1,1,,0.004,0.996,,73459066,,
1,1,,0.03,0.97,,73351175,,
1,1,,0.002,0.998,,73372684,,
1,1,,0.004,0.996,,73161538,,
1,1,,0.004,0.996,,73317220,,
1,1,,0.08,0.92,,73300029,,
1,1,,0.01,0.99,,79408885,,
1,1,,0,1,,73301401,,
1,1,,0.1,0.9,,73658258,,
1,1,,0.176,0.824,,73555497,,
1,1,,0.112,0.888,,73390086,,
1,1,,0.068,0.932,,73350832,,
1,1,,0.028,0.972,,72999366,,
1,1,,0.074,0.926,,76421622,,
1,1,,0.044,0.956,,72212251,,
1,1,,0.006,0.994,,72929316,,
1,1,,0.016,0.984,,72689936,,
1,1,,0.01,0.99,,72389754,,
1,1,,0.022,0.978,,72972927,,
1,1,,0,1,,72748355,,
1,1,,0.002,0.998,,73016908,,
1,1,,0.02,0.98,,79267902,,
1,1,,0.002,0.998,,73148884,,
1,1,,0.11,0.89,,73097970,,
1,1,,0.002,0.998,,73367825,,
1,1,,0,1,,73441964,,
1,1,,0.066,0.934,,73711748,,
1,1,,0.022,0.978,,72766110,,
1,1,,0.12,0.88,,73710046,,
1,1,,0.032,0.968,,83732050,,
1,1,,0.02,0.98,,73620168,,
1,1,,0.07,0.93,,73451853,,
1,1,,0.312,0.688,,73750642,,
1,1,,0.002,0.998,,73189731,,
1,1,,0,1,,72855307,,
1,1,,0.218,0.782,,73159084,,
1,1,,0.01,0.99,,76182494,,
1,1,,0.026,0.974,,73233825,,
1,1,,0.03,0.97,,73131783,,
1,1,,0.016,0.984,,72937059,,
1,1,,0.004,0.996,,72650113,,
1,1,,0.042,0.958,,72778341,,
1,1,,0,1,,73558852,,
1,1,,0.134,0.866,,73295902,,
1,1,,0.014,0.986,,75118742,,
1,1,,0.156,0.844,,72860285,,
1,1,,0.002,0.998,,73458615,,
1,1,,0.004,0.996,,73220189,,
1,1,,0.004,0.996,,73407128,,
1,1,,0.164,0.836,,73656967,,
1,1,,0.01,0.99,,73560967,,
1,1,,0.03,0.97,,73291151,,
1,0,,0.726,0.274,,75219212,,
1,1,,0.004,0.996,,73295630,,
1,1,,0.212,0.788,,73140970,,
1,1,,0.068,0.932,,72979219,,
1,1,,0.026,0.974,,73472771,,
1,1,,0.002,0.998,,72822133,,
1,1,,0.064,0.936,,72987262,,
1,1,,0.004,0.996,,83123421,,
1,1,,0.002,0.998,,74391913,,
1,1,,0.008,0.992,,74201876,,
1,1,,0.014,0.986,,74973281,,
1,1,,0.05,0.95,,74409726,,
1,1,,0.046,0.954,,73783563,,
1,1,,0.008,0.992,,74356477,,
1,1,,0.144,0.856,,74721870,,
1,1,,0.014,0.986,,82032428,,
1,1,,0.23,0.77,,74820555,,
1,1,,0.018,0.982,,74549128,,
1,1,,0.014,0.986,,74043680,,
1,1,,0.044,0.956,,74276938,,
1,1,,0.008,0.992,,74141975,,
1,1,,0.002,0.998,,74375040,,
1,1,,0.086,0.914,,76755839,,
1,1,,0.006,0.994,,74513049,,
1,1,,0.018,0.982,,74163636,,
1,1,,0.226,0.774,,74891647,,
1,1,,0.202,0.798,,74061865,,
1,1,,0,1,,73755502,,
1,1,,0.186,0.814,,74368568,,
1,1,,0.108,0.892,,74815217,,
1,1,,0.012,0.988,,83879436,,
1,1,,0.08,0.92,,74738190,,
1,1,,0.016,0.984,,74523269,,
1,1,,0.002,0.998,,74179755,,
1,1,,0.01,0.99,,74316150,,
1,1,,0.108,0.892,,74227185,,
1,1,,0.096,0.904,,74620680,,
1,1,,0.012,0.988,,74352549,,
1,1,,0.284,0.716,,76556846,,
1,1,,0,1,,74338653,,
1,1,,0.154,0.846,,74642482,,
1,1,,0.002,0.998,,74425816,,
1,0,,0.562,0.438,,74639716,,
1,1,,0.004,0.996,,73769408,,
1,1,,0.022,0.978,,74001280,,
1,1,,0.024,0.976,,76059075,,
1,1,,0.014,0.986,,74581597,,
1,1,,0.006,0.994,,74274102,,
1,1,,0.014,0.986,,74052287,,
1,1,,0.164,0.836,,74407942,,
1,1,,0,1,,74232926,,
1,1,,0.154,0.846,,74670263,,
1,1,,0.048,0.952,,76147239,,
1,1,,0.006,0.994,,74909642,,
1,1,,0.04,0.96,,74302224,,
1,1,,0.004,0.996,,74260527,,
1,1,,0.01,0.99,,74458448,,
1,1,,0.004,0.996,,74531683,,
1,1,,0,1,,74620272,,
1,1,,0.012,0.988,,74316691,,
1,1,,0.002,0.998,,76450688,,
1,1,,0.002,0.998,,74449970,,
1,1,,0.084,0.916,,74415837,,
1,1,,0.008,0.992,,74102020,,
1,1,,0.12,0.88,,74791951,,
1,1,,0.454,0.546,,74542555,,
1,1,,0.094,0.906,,74238795,,
1,1,,0.114,0.886,,74282117,,
1,1,,0.008,0.992,,76118926,,
1,1,,0.016,0.984,,74230680,,
1,1,,0.048,0.952,,74223738,,
1,1,,0.08,0.92,,74966849,,
1,1,,0,1,,74146021,,
1,1,,0.002,0.998,,74689520,,
1,1,,0.004,0.996,,74230369,,
1,1,,0.128,0.872,,75964268,,
1,1,,0.062,0.938,,74963933,,
1,1,,0.06,0.94,,74562322,,
1,1,,0.184,0.816,,74676866,,
1,1,,0.002,0.998,,74649524,,
1,1,,0.27,0.73,,74622475,,
1,1,,0,1,,74325549,,
1,1,,0.004,0.996,,74417810,,
1,1,,0.11,0.89,,76173510,,
1,1,,0.002,0.998,,74550298,,
1,1,,0.004,0.996,,73725646,,
1,1,,0.026,0.974,,73783363,,
1,1,,0.014,0.986,,73585512,,
1,1,,0.004,0.996,,73802921,,
1,1,,0,1,,74076962,,
1,1,,0.002,0.998,,75645109,,
1,1,,0.008,0.992,,74146664,,
1,1,,0.068,0.932,,74908799,,
1,1,,0.008,0.992,,74447697,,
1,1,,0,1,,74315530,,
1,1,,0.008,0.992,,74218387,,
1,1,,0.02,0.98,,74547274,,
1,1,,0.012,0.988,,74335656,,
1,1,,0.004,0.996,,75983282,,
1,1,,0.022,0.978,,74449250,,
1,1,,0.012,0.988,,74272799,,
1,1,,0.006,0.994,,74499785,,
1,1,,0.002,0.998,,74407562,,
1,1,,0.34,0.66,,74621822,,
1,1,,0.044,0.956,,74732110,,
1,1,,0.002,0.998,,74443148,,
1,1,,0,1,,76332747,,
1,1,,0,1,,74309708,,
1,1,,0.012,0.988,,74660555,,
1,1,,0.004,0.996,,74402213,,
1,1,,0.04,0.96,,74104484,,
1,1,,0.004,0.996,,74413553,,
1,1,,0.008,0.992,,75088337,,
1,1,,0,1,,75908461,,
1,1,,0.006,0.994,,74452046,,
1,1,,0.134,0.866,,74283398,,
1,1,,0.018,0.982,,74160670,,
1,1,,0.03,0.97,,74921434,,
1,1,,0,1,,74363469,,
1,1,,0.002,0.998,,74695411,,
1,1,,0.188,0.812,,74908861,,
1,1,,0.006,0.994,,76416823,,
1,1,,0.014,0.986,,73863284,,
1,1,,0.032,0.968,,73975443,,
1,1,,0.012,0.988,,74282789,,
1,1,,0.16,0.84,,74974823,,
1,1,,0.016,0.984,,74320358,,
1,1,,0.002,0.998,,73897457,,
1,1,,0.006,0.994,,77607734,,
1,1,,0.002,0.998,,73554705,,
1,1,,0.006,0.994,,73760651,,
1,1,,0.378,0.622,,74443589,,
1,1,,0.024,0.976,,74599944,,
1,1,,0.354,0.646,,75103745,,
1,1,,0.004,0.996,,74490568,,
1,1,,0,1,,74118882,,
1,1,,0.016,0.984,,75842658,,
1,1,,0.214,0.786,,74681967,,
1,1,,0.14,0.86,,74495707,,
1,1,,0.014,0.986,,74425445,,
1,1,,0.038,0.962,,74513511,,
1,1,,0.018,0.982,,74749101,,
1,1,,0.05,0.95,,74511388,,
1,1,,0.008,0.992,,74238906,,
1,1,,0.098,0.902,,76512784,,
1,1,,0.012,0.988,,74074778,,
1,1,,0.088,0.912,,74266858,,
1,1,,0.026,0.974,,74810356,,
1,1,,0.02,0.98,,73838587,,
1,1,,0.008,0.992,,74459468,,
1,1,,0.102,0.898,,73209300,,
1,1,,0.22,0.78,,78322190,,
1,1,,0.048,0.952,,74527817,,
1,1,,0.004,0.996,,74671457,,
1,1,,0.062,0.938,,74721900,,
1,1,,0.004,0.996,,74395791,,
1,1,,0.136,0.864,,74477092,,
1,1,,0.022,0.978,,74683318,,
1,1,,0.086,0.914,,74860360,,
1,1,,0,1,,80943029,,
1,1,,0.032,0.968,,74444470,,
1,1,,0.152,0.848,,74922996,,
1,1,,0.012,0.988,,74363520,,
1,1,,0.002,0.998,,74209661,,
1,1,,0.008,0.992,,74199803,,
1,1,,0.008,0.992,,73771682,,
1,0,,0.512,0.488,,81672164,,
1,1,,0.032,0.968,,74620700,,
1,1,,0.008,0.992,,74347700,,
1,1,,0.126,0.874,,74209972,,
1,1,,0.098,0.902,,74473064,,
1,1,,0.006,0.994,,74256509,,
1,1,,0.004,0.996,,74275586,,
1,1,,0,1,,74607105,,
1,1,,0.064,0.936,,75828022,,
1,1,,0.134,0.866,,74621452,,
1,1,,0,1,,74095897,,
1,1,,0.046,0.954,,74330900,,
1,1,,0.004,0.996,,74399035,,
1,1,,0.228,0.772,,74610722,,
1,1,,0.002,0.998,,74458328,,
1,1,,0.02,0.98,,76729268,,
1,1,,0.002,0.998,,74121236,,
1,1,,0.016,0.984,,74471762,,
1,1,,0.004,0.996,,74581907,,
1,1,,0.042,0.958,,74394698,,
1,1,,0.002,0.998,,74255026,,
1,1,,0.004,0.996,,74318606,,
1,1,,0.006,0.994,,74433600,,
1,1,,0.128,0.872,,75790671,,
1,1,,0.01,0.99,,74552675,,
1,1,,0.012,0.988,,74555558,,
1,1,,0.014,0.986,,74347419,,
1,1,,0.152,0.848,,74640739,,
1,1,,0.006,0.994,,74422369,,
1,1,,0.004,0.996,,74496127,,
1,1,,0,1,,74598701,,
1,1,,0,1,,79882423,,
1,1,,0.002,0.998,,74019947,,
1,1,,0,1,,73935818,,
1,1,,0.008,0.992,,73808732,,
1,1,,0.004,0.996,,73768926,,
1,1,,0.02,0.98,,73782621,,
1,1,,0.008,0.992,,74044903,,
1,1,,0.072,0.928,,76106292,,
1,1,,0.06,0.94,,74298237,,
1,1,,0.102,0.898,,73616371,,
1,1,,0.076,0.924,,73970073,,
1,1,,0.012,0.988,,74034132,,
1,1,,0.046,0.954,,73253983,,
1,1,,0.038,0.962,,73530420,,
1,1,,0.006,0.994,,73853093,,
1,1,,0.104,0.896,,76404702,,
1,1,,0.012,0.988,,72973708,,
1,1,,0.006,0.994,,73406958,,
1,1,,0.082,0.918,,74053851,,
1,1,,0.096,0.904,,73766331,,
1,1,,0.012,0.988,,73105604,,
1,1,,0.008,0.992,,73175725,,
1,1,,0.156,0.844,,76241897,,
1,1,,0.052,0.948,,73846350,,
1,1,,0.008,0.992,,73788183,,
1,1,,0.084,0.916,,74221283,,
1,1,,0.148,0.852,,73756332,,
1,1,,0.004,0.996,,73779736,,
1,1,,0.134,0.866,,74102061,,
1,1,,0.008,0.992,,73559764,,
1,1,,0.038,0.962,,75922307,,
1,1,,0.014,0.986,,73562420,,
1,1,,0.002,0.998,,73746954,,
1,1,,0.004,0.996,,73208106,,
1,1,,0.002,0.998,,73549495,,
1,1,,0.008,0.992,,73701530,,
1,1,,0.036,0.964,,73513467,,
1,1,,0.004,0.996,,73852213,,
1,1,,0.014,0.986,,75562905,,
1,1,,0.1,0.9,,74009557,,
1,1,,0.006,0.994,,73795336,,
1,1,,0.128,0.872,,74176859,,
1,1,,0.06,0.94,,73778864,,
1,1,,0.002,0.998,,73732788,,
1,1,,0.018,0.982,,73593779,,
1,1,,0.026,0.974,,83425295,,
1,1,,0.002,0.998,,73050089,,
1,1,,0.166,0.834,,73853755,,
1,1,,0.034,0.966,,73782512,,
1,1,,0.006,0.994,,73334583,,
1,1,,0.002,0.998,,73847042,,
1,1,,0.012,0.988,,73395298,,
1,1,,0.012,0.988,,78503920,,
1,1,,0.038,0.962,,77540619,,
1,0,,0.552,0.448,,74224108,,
1,1,,0.492,0.508,,74103992,,
1,1,,0.038,0.962,,73783374,,
1,1,,0.008,0.992,,73119770,,
1,1,,0.002,0.998,,73622381,,
1,1,,0.002,0.998,,73500284,,
1,1,,0.006,0.994,,76671911,,
1,1,,0.176,0.824,,74228747,,
1,1,,0.088,0.912,,73788474,,
1,1,,0.244,0.756,,74134901,,
1,1,,0.006,0.994,,73905502,,
1,1,,0.126,0.874,,73921333,,
1,1,,0.034,0.966,,74007352,,
1,1,,0.014,0.986,,74042869,,
1,1,,0.002,0.998,,75323247,,
1,1,,0.012,0.988,,73767944,,
1,1,,0.04,0.96,,73907054,,
1,1,,0.008,0.992,,74074990,,
1,1,,0.166,0.834,,73824580,,
1,1,,0.02,0.98,,73809592,,
1,1,,0,1,,74214071,,
1,1,,0.016,0.984,,76918031,,
1,1,,0.008,0.992,,74284042,,
1,1,,0.028,0.972,,73786810,,
1,1,,0.01,0.99,,73864154,,
1,1,,0.116,0.884,,74119272,,
1,1,,0.014,0.986,,73505614,,
1,1,,0.106,0.894,,73514098,,
1,1,,0.068,0.932,,73590120,,
1,1,,0.03,0.97,,76083140,,
1,1,,0.026,0.974,,73476268,,
1,1,,0.014,0.986,,81207153,,
1,1,,0.258,0.742,,73558963,,
1,1,,0.432,0.568,,73170405,,
1,1,,0.06,0.94,,73233014,,
1,1,,0.17,0.83,,73534366,,
1,1,,0.02,0.98,,74838779,,
1,1,,0.01,0.99,,73317191,,
1,1,,0.022,0.978,,73228565,,
1,1,,0.01,0.99,,72793750,,
1,1,,0.004,0.996,,72738627,,
1,1,,0,1,,72901392,,
1,1,,0.002,0.998,,72764957,,
1,1,,0.124,0.876,,73013031,,
1,1,,0.012,0.988,,74414885,,
1,1,,0.024,0.976,,72513426,,
1,1,,0.016,0.984,,73298496,,
1,1,,0.036,0.964,,73591404,,
1,1,,0.012,0.988,,73651465,,
1,1,,0.004,0.996,,72529928,,
1,1,,0.038,0.962,,73062363,,
1,1,,0.096,0.904,,74935609,,
1,1,,0.422,0.578,,73681863,,
1,1,,0.012,0.988,,73298476,,
1,1,,0.004,0.996,,72857490,,
1,1,,0.002,0.998,,73393232,,
1,1,,0.258,0.742,,73057855,,
1,1,,0,1,,72971644,,
1,1,,0,1,,72860144,,
1,1,,0.02,0.98,,74027370,,
1,1,,0.01,0.99,,73116756,,
1,1,,0,1,,73217855,,
1,1,,0,1,,73344081,,
1,1,,0.042,0.958,,73470547,,
1,1,,0.018,0.982,,73125923,,
1,1,,0.08,0.92,,72782259,,
1,1,,0,1,,74652870,,
1,1,,0.002,0.998,,73217924,,
1,1,,0.218,0.782,,73519439,,
1,1,,0.01,0.99,,73175546,,
1,1,,0.006,0.994,,72577084,,
1,1,,0.002,0.998,,73130672,,
1,1,,0.004,0.996,,73140109,,
1,1,,0.002,0.998,,72921400,,
1,1,,0.006,0.994,,78583520,,
1,1,,0.006,0.994,,73206935,,
1,1,,0.01,0.99,,73224136,,
1,1,,0.048,0.952,,73361012,,
1,1,,0.066,0.934,,73615009,,
1,1,,0.008,0.992,,73232702,,
1,1,,0.164,0.836,,73120612,,
1,1,,0.006,0.994,,74974343,,
1,1,,0.328,0.672,,73211273,,
1,1,,0.014,0.986,,73032257,,
1,1,,0.026,0.974,,72822644,,
1,1,,0,1,,72768142,,
1,1,,0.002,0.998,,72787068,,
1,1,,0.11,0.89,,73426106,,
1,1,,0.006,0.994,,73258450,,
1,1,,0.032,0.968,,75092925,,
1,1,,0.028,0.972,,73250806,,
1,1,,0.008,0.992,,73016066,,
1,1,,0.148,0.852,,73633642,,
1,1,,0.014,0.986,,72946927,,
1,1,,0.022,0.978,,73252490,,
1,1,,0.044,0.956,,73105494,,
1,1,,0.002,0.998,,79050644,,
1,1,,0.026,0.974,,73187829,,
1,1,,0.04,0.96,,72972554,,
1,1,,0,1,,72423086,,
1,1,,0.084,0.916,,73062193,,
1,1,,0.138,0.862,,72710014,,
1,1,,0.148,0.852,,72963297,,
1,1,,0.032,0.968,,72524646,,
1,1,,0.024,0.976,,75912230,,
1,1,,0.146,0.854,,72747474,,
1,1,,0.028,0.972,,72437453,,
1,1,,0,1,,72939573,,
1,1,,0.004,0.996,,73321710,,
1,1,,0.344,0.656,,73337498,,
1,1,,0.022,0.978,,73066881,,
1,1,,0.028,0.972,,74920942,,
1,1,,0.004,0.996,,73177859,,
1,1,,0.326,0.674,,73529088,,
1,1,,0.008,0.992,,73248371,,
1,1,,0.038,0.962,,72895080,,
1,1,,0.002,0.998,,72984648,,
1,1,,0.002,0.998,,73250907,,
1,1,,0.088,0.912,,73101837,,
1,1,,0.124,0.876,,76072619,,
1,1,,0.008,0.992,,72900251,,
1,1,,0.012,0.988,,72761630,,
1,1,,0.008,0.992,,72730832,,
1,1,,0.054,0.946,,72644331,,
1,1,,0.028,0.972,,72712590,,
1,1,,0,1,,72216249,,
1,1,,0.438,0.562,,75046487,,
1,1,,0.002,0.998,,72571825,,
1,1,,0.17,0.83,,73427317,,
1,1,,0.004,0.996,,72892375,,
1,1,,0.018,0.982,,72780455,,
1,1,,0.094,0.906,,73060469,,
1,1,,0.026,0.974,,72839887,,
1,1,,0.062,0.938,,79247584,,
1,1,,0.004,0.996,,74613257,,
1,1,,0.094,0.906,,73150728,,
1,1,,0.006,0.994,,72846068,,
1,1,,0.022,0.978,,72782789,,
1,1,,0.002,0.998,,73142553,,
1,1,,0.002,0.998,,72769756,,
1,1,,0.01,0.99,,72830900,,
1,1,,0,1,,74007322,,
1,1,,0.12,0.88,,72616078,,
1,1,,0.008,0.992,,72892976,,
1,1,,0.002,0.998,,72462211,,
1,1,,0.048,0.952,,72937429,,
1,1,,0.008,0.992,,72731323,,
1,1,,0.024,0.976,,73834629,,
1,1,,0.02,0.98,,73208408,,
1,1,,0,1,,77037455,,
1,1,,0.006,0.994,,73449748,,
1,1,,0.05,0.95,,73125513,,
1,1,,0.01,0.99,,72875964,,
1,1,,0,1,,72730762,,
1,1,,0.002,0.998,,72993624,,
1,1,,0.368,0.632,,73710216,,
1,1,,0.004,0.996,,83781843,,
1,1,,0.018,0.982,,73321329,,
1,1,,0.014,0.986,,73053837,,
1,1,,0.036,0.964,,73122044,,
1,1,,0.046,0.954,,73066091,,
1,1,,0.016,0.984,,72410875,,
1,1,,0.008,0.992,,72898556,,
1,1,,0.058,0.942,,76954359,,
1,1,,0.272,0.728,,72834698,,
1,1,,0.01,0.99,,72692080,,
1,1,,0.024,0.976,,72783541,,
1,1,,0.03,0.97,,73067262,,
1,1,,0.01,0.99,,72837251,,
1,1,,0.002,0.998,,72945536,,
1,1,,0.242,0.758,,73708904,,
1,1,,0.016,0.984,,83295182,,
1,1,,0.016,0.984,,73678196,,
1,1,,0.002,0.998,,73672797,,
1,1,,0.004,0.996,,73599940,,
1,1,,0.008,0.992,,73747506,,
1,1,,0.066,0.934,,73880705,,
1,1,,0.022,0.978,,73632380,,
1,1,,0.004,0.996,,81678014,,
1,1,,0.128,0.872,,73566899,,
1,1,,0.008,0.992,,73535099,,
1,1,,0.092,0.908,,73843926,,
1,1,,0.03,0.97,,73702922,,
1,1,,0.012,0.988,,73430734,,
1,1,,0.11,0.89,,73577998,,
1,1,,0.076,0.924,,73494582,,
1,1,,0.052,0.948,,75774212,,
1,1,,0.002,0.998,,72747843,,
1,1,,0.362,0.638,,73110593,,
1,1,,0,1,,73155848,,
1,1,,0.048,0.952,,73594860,,
1,1,,0.004,0.996,,73495936,,
1,1,,0.126,0.874,,73379707,,
1,1,,0.048,0.952,,76214955,,
1,1,,0.06,0.94,,73659152,,
1,1,,0.012,0.988,,73622151,,
1,1,,0.01,0.99,,73474635,,
1,1,,0.006,0.994,,73477020,,
1,1,,0.07,0.93,,73313123,,
1,1,,0.004,0.996,,72635063,,
1,1,,0.044,0.956,,73642889,,
1,1,,0.002,0.998,,80285388,,
1,1,,0.116,0.884,,72882295,,
1,1,,0.044,0.956,,73120893,,
1,1,,0.098,0.902,,73084054,,
1,1,,0.018,0.982,,72775446,,
1,1,,0.022,0.978,,72926889,,
1,1,,0.012,0.988,,72906050,,
1,1,,0,1,,74430285,,
1,1,,0.002,0.998,,73190904,,
1,1,,0.006,0.994,,72539023,,
1,1,,0.042,0.958,,73406366,,
1,1,,0.006,0.994,,73702381,,
1,1,,0.016,0.984,,72976103,,
1,1,,0.016,0.984,,72937690,,
1,1,,0.01,0.99,,73053376,,
1,1,,0.018,0.982,,76526429,,
1,1,,0.036,0.964,,72823726,,
1,1,,0.002,0.998,,73300549,,
1,1,,0.108,0.892,,73315857,,
1,1,,0.002,0.998,,73189842,,
1,1,,0.004,0.996,,72869664,,
1,1,,0.08,0.92,,72797437,,
1,1,,0.014,0.986,,79848488,,
1,1,,0,1,,72865265,,
1,1,,0.006,0.994,,72853782,,
1,1,,0.026,0.974,,72901261,,
1,1,,0.012,0.988,,73048587,,
1,1,,0.002,0.998,,72796596,,
1,1,,0.004,0.996,,72897635,,
1,1,,0.006,0.994,,72797668,,
1,1,,0.004,0.996,,74773677,,
1,1,,0.014,0.986,,73543395,,
1,1,,0.094,0.906,,73657096,,
1,1,,0.054,0.946,,73715316,,
1,1,,0.002,0.998,,73449638,,
1,1,,0.012,0.988,,73526833,,
1,1,,0.004,0.996,,73656586,,
1,1,,0.006,0.994,,75106640,,
1,1,,0.196,0.804,,73894571,,
1,1,,0.008,0.992,,73535861,,
1,1,,0.016,0.984,,73742536,,
1,1,,0.004,0.996,,73120161,,
1,1,,0.018,0.982,,72960222,,
1,1,,0.006,0.994,,73096898,,
1,1,,0.006,0.994,,73396428,,
1,1,,0.05,0.95,,75297096,,
1,1,,0.006,0.994,,73131663,,
1,1,,0.01,0.99,,73263651,,
1,1,,0.008,0.992,,73099042,,
1,1,,0.004,0.996,,72807396,,
1,1,,0.094,0.906,,73036665,,
1,1,,0.004,0.996,,73521924,,
1,1,,0.006,0.994,,75314319,,
1,1,,0.068,0.932,,72974479,,
1,1,,0,1,,73249223,,
1,1,,0.002,0.998,,73310367,,
1,1,,0.008,0.992,,73197126,,
1,1,,0.02,0.98,,73450450,,
1,1,,0.058,0.942,,73191254,,
1,1,,0,1,,72864714,,
1,1,,0.024,0.976,,75400120,,
1,1,,0.002,0.998,,73068464,,
1,1,,0.006,0.994,,73158603,,
1,1,,0.018,0.982,,72946326,,
1,1,,0.004,0.996,,74246611,,
1,1,,0.04,0.96,,72658988,,
1,1,,0.114,0.886,,73492809,,
1,1,,0.158,0.842,,74865971,,
1,1,,0.1,0.9,,73245476,,
1,1,,0.152,0.848,,72791485,,
1,1,,0.04,0.96,,72988825,,
1,1,,0.06,0.94,,72805833,,
1,1,,0.188,0.812,,73162701,,
1,1,,0.002,0.998,,73224317,,
1,1,,0.036,0.964,,75246010,,
1,1,,0.012,0.988,,73188299,,
1,1,,0.17,0.83,,73216233,,
1,1,,0,1,,73331918,,
1,1,,0.126,0.874,,73400115,,
1,1,,0.004,0.996,,73250194,,
1,1,,0.01,0.99,,73552511,,
1,1,,0.024,0.976,,73144217,,
1,1,,0.064,0.936,,74571758,,
1,1,,0.31,0.69,,73448726,,
1,1,,0.004,0.996,,73027780,,
1,1,,0.078,0.922,,73368005,,
1,1,,0.006,0.994,,73274550,,
1,1,,0.002,0.998,,72887255,,
1,1,,0.026,0.974,,72905840,,
1,1,,0.014,0.986,,75381115,,
1,1,,0.284,0.716,,73449528,,
1,1,,0.002,0.998,,72826361,,
1,1,,0.004,0.996,,72574770,,
1,1,,0.03,0.97,,73124000,,
1,1,,0.002,0.998,,73555616,,
1,1,,0.016,0.984,,73202575,,
1,1,,0.01,0.99,,72838684,,
1,1,,0.026,0.974,,83925472,,
1,1,,0.024,0.976,,74131485,,
1,1,,0.01,0.99,,73732959,,
1,1,,0.064,0.936,,73694697,,
1,1,,0.002,0.998,,73262378,,
1,1,,0.002,0.998,,73381099,,
1,1,,0,1,,73674250,,
1,1,,0.006,0.994,,74809344,,
1,1,,0.016,0.984,,73277205,,
1,1,,0.028,0.972,,72883639,,
1,1,,0.008,0.992,,72837091,,
1,1,,0.174,0.826,,73154005,,
1,1,,0.006,0.994,,72487536,,
1,1,,0.004,0.996,,72643879,,
1,1,,0.026,0.974,,74956018,,
1,1,,0.13,0.87,,72713952,,
1,1,,0.004,0.996,,72451149,,
1,1,,0.008,0.992,,73281583,,
1,1,,0.008,0.992,,73469175,,
1,1,,0.014,0.986,,73285000,,
1,1,,0.046,0.954,,73075418,,
1,1,,0.02,0.98,,73309586,,
1,1,,0.056,0.944,,75508873,,
1,1,,0,1,,73351985,,
1,1,,0.006,0.994,,73311220,,
1,1,,0.044,0.956,,73208486,,
1,1,,0.03,0.97,,72437373,,
1,1,,0.004,0.996,,73087059,,
1,1,,0.062,0.938,,73021607,,
1,1,,0.172,0.828,,74587729,,
1,1,,0.028,0.972,,72909176,,
1,1,,0.056,0.944,,72982092,,
1,1,,0.098,0.902,,73362274,,
1,1,,0.116,0.884,,72882057,,
1,1,,0.024,0.976,,72830699,,
1,1,,0.05,0.95,,73043438,,
1,1,,0.124,0.876,,73537633,,
1,1,,0.228,0.772,,74672338,,
1,1,,0.156,0.844,,73791819,,
1,1,,0,1,,73475126,,
1,1,,0.008,0.992,,73218224,,
1,1,,0.364,0.636,,73113259,,
1,1,,0.008,0.992,,73751835,,
1,1,,0.014,0.986,,73088221,,
1,1,,0.002,0.998,,74616873,,
1,1,,0.036,0.964,,72927762,,
1,1,,0.032,0.968,,72996981,,
1,1,,0.166,0.834,,73661715,,
1,1,,0.006,0.994,,73024903,,
1,1,,0.062,0.938,,73251166,,
1,1,,0.462,0.538,,73178681,,
1,1,,0.214,0.786,,73032147,,
1,1,,0.024,0.976,,74696282,,
1,1,,0.024,0.976,,73066040,,
1,1,,0.006,0.994,,72981502,,
1,1,,0.006,0.994,,72916281,,
1,1,,0.008,0.992,,73218515,,
1,1,,0.006,0.994,,73253691,,
1,1,,0.038,0.962,,73371221,,
1,1,,0.002,0.998,,75007306,,
1,1,,0.008,0.992,,73456401,,
1,1,,0.05,0.95,,73373756,,
1,1,,0.052,0.948,,73279249,,
1,1,,0.004,0.996,,73195402,,
1,1,,0.004,0.996,,73135892,,
1,1,,0.136,0.864,,73064236,,
1,1,,0.002,0.998,,75231855,,
1,1,,0.198,0.802,,73464998,,
1,1,,0.28,0.72,,73316689,,
1,1,,0.028,0.972,,73407799,,
1,1,,0.002,0.998,,72883809,,
1,1,,0.004,0.996,,72772150,,
1,1,,0.002,0.998,,72964109,,
1,1,,0.062,0.938,,72968729,,
1,1,,0.006,0.994,,75033042,,
1,1,,0.004,0.996,,72410463,,
1,1,,0.002,0.998,,72938471,,
1,1,,0.032,0.968,,72817336,,
1,1,,0.008,0.992,,72651434,,
1,1,,0.002,0.998,,73129269,,
1,1,,0.054,0.946,,73698333,,
1,1,,0.082,0.918,,75367760,,
1,1,,0.002,0.998,,73122706,,
1,0,,0.57,0.43,,73382092,,
1,1,,0.004,0.996,,73255104,,
1,1,,0.006,0.994,,73204108,,
1,1,,0.004,0.996,,72895040,,
1,1,,0.004,0.996,,73129911,,
1,1,,0.002,0.998,,84132440,,
1,1,,0.044,0.956,,73398372,,
1,1,,0.136,0.864,,73025143,,
1,1,,0.03,0.97,,73427025,,
1,1,,0.066,0.934,,73045793,,
1,1,,0.186,0.814,,73351294,,
1,1,,0.09,0.91,,73236720,,
1,1,,0.012,0.988,,72900119,,
1,1,,0.002,0.998,,78816006,,
1,1,,0.024,0.976,,73400416,,
1,1,,0.022,0.978,,72838544,,
1,1,,0.164,0.836,,72854022,,
1,1,,0.014,0.986,,73432075,,
1,1,,0.02,0.98,,72818117,,
1,1,,0,1,,73311800,,
1,1,,0.052,0.948,,75591699,,
1,1,,0.076,0.924,,73489954,,
1,1,,0.01,0.99,,73478995,,
1,1,,0.442,0.558,,73217894,,
1,1,,0.008,0.992,,73322389,,
1,1,,0.122,0.878,,73364348,,
1,1,,0.118,0.882,,73008453,,
1,1,,0.058,0.942,,73005337,,
1,1,,0.002,0.998,,74885366,,
1,1,,0.006,0.994,,72759697,,
1,1,,0.004,0.996,,72521761,,
1,1,,0.062,0.938,,73135560,,
1,1,,0.132,0.868,,72885614,,
1,1,,0.042,0.958,,72347274,,
1,1,,0.004,0.996,,72943340,,
1,1,,0,1,,85918203,,
1,1,,0.046,0.954,,73644603,,
1,1,,0.004,0.996,,73049190,,
1,1,,0.006,0.994,,73283848,,
1,1,,0.002,0.998,,73452854,,
1,1,,0.042,0.958,,73382442,,
1,1,,0.146,0.854,,73382613,,
1,1,,0.032,0.968,,81655121,,
1,1,,0.052,0.948,,73275952,,
1,1,,0.008,0.992,,73143264,,
1,1,,0.034,0.966,,73074677,,
1,1,,0.002,0.998,,73397971,,
1,1,,0.004,0.996,,73231239,,
1,1,,0,1,,72896372,,
1,1,,0.004,0.996,,76648128,,
1,0,,0.662,0.338,,73514449,,
1,1,,0.01,0.99,,72740911,,
1,1,,0.006,0.994,,72701998,,
1,1,,0.006,0.994,,72629363,,